hab_UID,hab_site,hab_depnum,hab_loc,hab_under,hab_snag,hab_dist,hab_type,hab_code,Notes,hab_tree,hab_D130
1,16,130381,Q1,D,0,187,Conf,100,NA,T1,435
2,16,130381,Q2,D,1,144,Decid,540,NA,T1,355
3,16,130381,Q3,D,0,87,Conf,100,NA,T1,271
4,16,130381,Q4,D,1,107,Conf,100,NA,T1,159
5,16,130382,Q1,S,0,97,Conf,100,NA,T1,135
6,16,130382,Q2,S,1,114,Conf,100,NA,T1,108
7,16,130382,Q3,S,1,64,Conf,100,NA,T1,275
8,16,130382,Q4,S,1,76,Conf,100,NA,T1,261
9,16,131261,Q1,D,2,110,Conf,100,NA,T1,270
10,16,131261,Q2,S,2,87,Conf,100,NA,T1,541
11,16,131261,Q3,D,1,88,Conf,100,NA,T1,477
12,16,131261,Q4,S,0,125,Conf,100,NA,T1,391
13,16,131262,Q1,S,5,60,Conf,100,NA,T1,232
14,16,131262,Q2,S,0,75,Conf,100,NA,T1,365
15,16,131262,Q3,S,3,81,Conf,100,NA,T1,291
16,16,131262,Q4,S,3,79,Conf,100,NA,T1,346
17,16,130362,Q1,S,0,54,Conf,100,NA,T1,452
18,16,130362,Q2,S,1,92,Conf,100,NA,T1,286
19,16,130362,Q3,S,1,112,Conf,100,NA,T1,410
20,16,130362,Q4,S,0,139,Conf,100,NA,T1,251
21,16,130361,Q1,S,0,142,Conf,100,NA,T1,295
22,16,130361,Q2,S,0,149,Conf,100,NA,T1,211
23,16,130361,Q3,S,1,35,Conf,100,NA,T1,284
24,16,130361,Q4,S,0,98,Decid,540,NA,T1,346
25,16,130671,Q1,S,4,168,Conf,100,NA,T1,269
26,16,130671,Q2,S,1,135,Conf,100,NA,T1,299
27,16,130671,Q3,S,3,36,Conf,100,NA,T1,173
28,16,130671,Q4,S,0,72,Conf,100,NA,T1,307
29,16,130672,Q1,S,0,69,Conf,100,NA,T1,285
30,16,130672,Q2,S,0,92,Conf,100,NA,T1,205
31,16,130672,Q3,S,0,229,Conf,100,NA,T1,271
32,16,130672,Q4,S,0,118,Conf,100,NA,T1,655
33,16,132672,Q1,S,0,49,Conf,100,NA,T1,237
34,16,132672,Q2,O,0,139,Conf,100,NA,T1,139
35,16,132672,Q3,S,0,83,Conf,100,NA,T1,306
36,16,132672,Q4,S,0,72,Conf,100,NA,T1,382
37,16,132671,Q1,S,1,72,Conf,100,NA,T1,248
38,16,132671,Q2,S,5,62,Conf,100,NA,T1,146
39,16,132671,Q3,S,5,57,Conf,100,NA,T1,390
40,16,132671,Q4,S,1,69,Conf,100,NA,T1,291
41,16,129791,Q1,S,2,74,Conf,100,NA,T1,226
42,16,129791,Q2,O,0,243,Conf,100,NA,T1,420
43,16,129791,Q3,O,0,154,Conf,100,NA,T1,507
44,16,129791,Q4,D,0,78,Conf,100,NA,T1,463
45,16,129792,Q1,S,0,68,Conf,100,NA,T1,499
46,16,129792,Q2,S,0,183,Conf,100,NA,T1,360
47,16,129792,Q3,D,0,55,Conf,100,NA,T1,231
48,16,129792,Q4,D,0,42,Conf,100,NA,T1,267
49,16,130272,Q1,D,3,55,Conf,100,NA,T1,262
50,16,130272,Q2,D,2,42,Conf,100,NA,T1,456
51,16,130272,Q3,D,3,135,Conf,100,NA,T1,261
52,16,130272,Q4,D,3,82,Conf,100,NA,T1,255
53,16,130271,Q1,D,0,101,Conf,100,NA,T1,274
54,16,130271,Q2,D,0,61,Conf,100,NA,T1,108
55,16,130271,Q3,S,1,118,Conf,100,NA,T1,542
56,16,130271,Q4,D,2,86,Conf,100,NA,T1,239
57,16,131001,Q1,S,0,69,Conf,100,NA,T1,210
58,16,131001,Q2,S,2,63,Conf,100,NA,T1,243
59,16,131001,Q3,S,0,77,Conf,100,NA,T1,145
60,16,131001,Q4,O,0,80,Conf,100,NA,T1,163
61,16,131002,Q1,S,0,61,Conf,100,NA,T1,291
62,16,131002,Q2,S,0,123,Conf,100,NA,T1,312
63,16,131002,Q3,S,0,116,Conf,100,NA,T1,357
64,16,131002,Q4,S,0,50,Conf,100,NA,T1,351
65,16,130941,Q1,S,1,108,Decid,462,NA,T1,392
66,16,130941,Q2,O,0,86,Conf,100,NA,T1,585
67,16,130941,Q3,O,0,71,Decid,540,NA,T1,507
68,16,130941,Q4,O,2,139,Decid,540,NA,T1,208
69,16,130942,Q1,O,0,64,Decid,462,NA,T1,452
70,16,130942,Q2,O,1,62,Decid,310,NA,T1,344
71,16,130942,Q3,O,0,26,Decid,970,NA,T1,499
72,16,130942,Q4,O,0,98,Decid,540,NA,T1,657
73,16,130912,Q1,S,0,89,Conf,100,NA,T1,588
74,16,130912,Q2,S,0,56,Conf,100,NA,T1,172
75,16,130912,Q3,S,0,122,Conf,100,NA,T1,552
76,16,130912,Q4,S,1,90,Conf,100,NA,T1,481
77,16,130911,Q1,S,1,90,Conf,100,NA,T1,369
78,16,130911,Q2,S,1,38,Conf,100,NA,T1,331
79,16,130911,Q3,S,1,43,Conf,100,NA,T1,218
80,16,130911,Q4,S,0,46,Conf,100,NA,T1,263
81,16,130432,Q1,D,0,166,Conf,100,NA,T1,502
82,16,130432,Q2,S,0,161,Conf,100,NA,T1,167
85,16,130431,Q1,D,0,140,Conf,100,NA,T1,275
89,16,131142,Q1,S,0,78,Conf,100,NA,T1,227
90,16,131142,Q2,S,0,90,Conf,100,NA,T1,279
91,16,131142,Q3,S,0,140,Conf,100,NA,T1,174
92,16,131142,Q4,S,0,105,Conf,100,NA,T1,339
93,16,131141,Q1,S,0,102,Conf,100,NA,T1,362
94,16,131141,Q2,S,0,117,Conf,100,NA,T1,232
95,16,131141,Q3,S,0,110,Conf,100,NA,T1,274
96,16,131141,Q4,S,0,118,Conf,100,NA,T1,279
97,16,130302,Q1,D,1,68,Conf,100,NA,T1,319
98,16,130302,Q2,D,1,116,Conf,100,NA,T1,411
99,16,130302,Q3,D,1,83,Conf,100,NA,T1,275
100,16,130302,Q4,D,0,117,Decid,540,NA,T1,239
101,16,130301,Q1,D,2,106,Conf,100,NA,T1,321
102,16,130301,Q2,S,0,60,Conf,100,NA,T1,234
103,16,130301,Q3,S,0,64,Conf,100,NA,T1,176
104,16,130301,Q4,S,1,43,Conf,100,NA,T1,129
105,16,129632,Q1,S,0,80,Conf,100,NA,T1,218
106,16,129632,Q2,D,0,59,Conf,100,NA,T1,235
107,16,129632,Q3,S,0,153,Conf,100,NA,T1,424
108,16,129632,Q4,S,1,67,Conf,100,NA,T1,328
109,16,129631,Q1,D,1,53,Conf,100,NA,T1,135
110,16,129631,Q2,S,0,47,Conf,100,NA,T1,270
111,16,129631,Q3,D,1,45,Conf,100,NA,T1,109
112,16,129631,Q4,D,0,53,Conf,100,NA,T1,222
113,16,132512,Q1,S,2,25,Conf,100,NA,T1,281
114,16,132512,Q2,S,1,64,Conf,100,NA,T1,280
115,16,132512,Q3,D,0,81,Conf,100,NA,T1,403
116,16,132512,Q4,D,1,79,Conf,57,NA,T1,133
117,16,132511,Q1,O,0,92,Conf,100,NA,T1,481
118,16,132511,Q2,S,2,58,Conf,100,NA,T1,109
119,16,132511,Q3,D,0,100,Conf,100,NA,T1,351
120,16,132511,Q4,D,0,64,Conf,100,NA,T1,307
121,16,130662,Q1,S,1,73,Conf,100,NA,T1,302
122,16,130662,Q2,S,0,82,Conf,100,NA,T1,266
123,16,130662,Q3,D,0,157,Conf,100,NA,T1,265
124,16,130662,Q4,S,0,86,Conf,100,NA,T1,359
125,16,130661,Q1,S,1,67,Conf,100,NA,T1,385
126,16,130661,Q2,S,0,83,Conf,100,NA,T1,253
127,16,130661,Q3,S,0,75,Conf,100,NA,T1,286
128,16,130661,Q4,S,3,101,Conf,100,NA,T1,322
129,16,130022,Q1,D,2,102,Conf,100,NA,T1,225
130,16,130022,Q2,S,9,65,Conf,100,NA,T1,219
131,16,130022,Q3,S,1,98,Conf,100,NA,T1,397
133,16,130021,Q1,S,0,104,Conf,100,NA,T1,197
134,16,130021,Q2,S,0,123,Conf,100,NA,T1,140
135,16,130021,Q3,S,0,69,Conf,100,NA,T1,147
136,16,130021,Q4,D,1,56,Conf,100,NA,T1,188
137,16,131941,Q1,S,0,62,Conf,100,NA,T1,117
138,16,131941,Q2,S,0,83,Conf,100,NA,T1,441
139,16,131941,Q3,S,0,66,Conf,100,NA,T1,174
140,16,131941,Q4,S,0,59,Conf,100,NA,T1,136
141,16,131942,Q1,S,0,148,Conf,100,NA,T1,401
142,16,131942,Q2,S,0,75,Conf,100,NA,T1,618
143,16,131942,Q3,S,0,113,Conf,100,NA,T1,489
144,16,131942,Q4,S,0,87,Conf,100,NA,T1,276
145,16,130622,Q1,S,0,101,Conf,100,NA,T1,317
146,16,130622,Q2,S,0,84,Conf,100,NA,T1,278
147,16,130622,Q3,S,0,67,Conf,100,NA,T1,270
148,16,130622,Q4,S,0,109,Conf,100,NA,T1,430
149,16,130621,Q1,S,0,63,Conf,100,NA,T1,256
150,16,130621,Q2,S,1,83,Conf,100,NA,T1,349
151,16,130621,Q3,D,1,157,Conf,100,NA,T1,265
152,16,130621,Q4,S,1,61,Conf,100,NA,T1,344
153,16,131302,Q1,D,3,102,Conf,100,NA,T1,193
154,16,131302,Q2,D,0,123,Conf,100,NA,T1,144
155,16,131302,Q3,D,0,57,Conf,100,NA,T1,289
156,16,131302,Q4,D,0,49,Conf,100,NA,T1,365
157,16,131301,Q1,S,1,88,Conf,100,NA,T1,334
158,16,131301,Q2,S,5,57,Conf,100,NA,T1,120
159,16,131301,Q3,D,6,111,Conf,100,NA,T1,347
160,16,131301,Q4,D,0,62,Conf,57,NA,T1,193
161,16,132101,Q1,S,0,92,Conf,100,NA,T1,233
162,16,132101,Q2,D,0,41,Conf,100,NA,T1,302
163,16,132101,Q3,S,1,31,Conf,100,NA,T1,218
165,16,132102,Q1,O,0,103,Conf,100,NA,T1,259
166,16,132102,Q2,S,4,99,Conf,100,NA,T1,259
167,16,132102,Q3,S,1,55,Conf,100,NA,T1,221
168,16,132102,Q4,S,0,44,Conf,100,NA,T1,130
169,16,131461,Q1,D,0,103,Conf,100,NA,T1,392
170,16,131461,Q2,D,0,102,Conf,100,NA,T1,308
171,16,131461,Q3,D,1,97,Conf,100,NA,T1,243
172,16,131461,Q4,D,1,74,Conf,100,NA,T1,328
173,16,131462,Q1,S,1,71,Conf,100,NA,T1,222
174,16,131462,Q2,S,0,58,Conf,100,NA,T1,293
175,16,131462,Q3,D,3,35,Conf,100,NA,T1,377
176,16,131462,Q4,S,1,58,Decid,540,NA,T1,230
177,16,132542,Q1,S,0,72,Conf,100,NA,T1,328
178,16,132542,Q2,S,0,161,Conf,100,NA,T1,103
179,16,132542,Q3,S,0,38,Conf,100,NA,T1,266
180,16,132542,Q4,S,0,76,Conf,100,NA,T1,287
181,16,132541,Q1,S,1,53,Conf,100,NA,T1,129
182,16,132541,Q2,S,1,70,Conf,100,NA,T1,257
183,16,132541,Q3,D,4,101,Conf,100,NA,T1,197
184,16,132541,Q4,D,0,65,Conf,100,NA,T1,272
185,4,27182,Q1,D,1,113,Conf,57,NA,T1,145
186,4,27182,Q2,D,0,43,Conf,57,NA,T1,160
187,4,27182,Q3,D,0,72,Decid,970,NA,T1,172
188,4,27182,Q4,D,0,33,Decid,970,NA,T1,120
189,4,27181,Q1,S,0,104,Conf,57,NA,T1,164
190,4,27181,Q2,S,1,65,Conf,57,NA,T1,153
191,4,27181,Q3,S,0,38,Conf,57,NA,T1,310
192,4,27181,Q4,S,1,92,Conf,57,NA,T1,183
193,4,30941,Q1,D,3,112,Decid,540,NA,T1,168
194,4,30941,Q2,S,0,72,Decid,462,NA,T1,272
195,4,30941,Q3,D,3,104,Decid,540,NA,T1,400
197,4,30942,Q1,D,0,138,Decid,540,NA,T1,221
199,4,30942,Q3,D,1,191,Decid,970,NA,T1,228
200,4,30942,Q4,D,1,73,Decid,998,NA,T1,444
201,4,26782,Q1,D,0,173,Decid,540,NA,T1,197
202,4,26782,Q2,S,0,153,Decid,740,NA,T1,185
203,4,26782,Q3,D,0,137,Conf,57,NA,T1,125
204,4,26782,Q4,D,1,108,Conf,57,NA,T1,115
205,4,26781,Q1,D,6,105,Decid,540,NA,T1,192
206,4,26781,Q2,D,4,98,Decid,540,NA,T1,243
207,4,26781,Q3,S,0,69,Conf,57,NA,T1,155
208,4,26781,Q4,S,1,99,Decid,540,NA,T1,234
209,4,27571,Q1,S,0,31,Conf,57,NA,T1,146
210,4,27571,Q2,S,0,69,Conf,57,NA,T1,145
211,4,27571,Q3,S,0,34,Conf,57,NA,T1,110
212,4,27571,Q4,S,0,146,Conf,57,NA,T1,240
213,4,27572,Q1,S,0,143,Conf,57,NA,T1,104
215,4,27572,Q3,S,0,143,Conf,57,NA,T1,154
216,4,27572,Q4,S,0,131,Decid,740,NA,T1,155
217,4,27391,Q1,S,0,52,Conf,57,NA,T1,245
218,4,27391,Q2,D,5,101,Decid,998,NA,T1,222
219,4,27391,Q3,D,1,42,Decid,540,NA,T1,130
220,4,27391,Q4,D,5,100,Decid,540,NA,T1,190
221,4,27392,Q1,D,0,112,Conf,57,NA,T1,240
222,4,27392,Q2,D,0,93,Decid,310,NA,T1,120
223,4,27392,Q3,D,1,86,Decid,540,NA,T1,115
224,4,27392,Q4,D,1,71,Conf,57,NA,T1,170
225,4,28062,Q1,S,2,137,Decid,970,NA,T1,120
227,4,28062,Q3,S,0,186,Decid,970,NA,T1,274
228,4,28062,Q4,S,1,203,Decid,970,NA,T1,164
229,4,28061,Q1,S,1,188,Decid,970,NA,T1,147
230,4,28061,Q2,S,2,165,Conf,57,NA,T1,160
231,4,28061,Q3,S,1,150,Decid,462,NA,T1,171
232,4,28061,Q4,S,2,169,Decid,970,NA,T1,119
233,4,29631,Q1,D,1,164,Decid,540,NA,T1,197
234,4,29631,Q2,S,9,88,Decid,800,NA,T1,341
235,4,29631,Q3,S,5,67,Decid,800,NA,T1,142
236,4,29631,Q4,D,0,129,Decid,800,NA,T1,306
237,4,29632,Q1,S,5,65,Decid,800,NA,T1,356
238,4,29632,Q2,S,5,56,Decid,800,NA,T1,231
239,4,29632,Q3,S,10,21,Decid,800,NA,T1,171
240,4,29632,Q4,S,5,46,Decid,800,NA,T1,147
241,4,28891,Q1,D,0,90,Decid,740,NA,T1,1282
242,4,28891,Q2,S,1,150,Decid,740,NA,T1,1170
244,4,28891,Q4,D,3,104,Decid,740,NA,T1,895
245,4,28892,Q1,S,1,115,Decid,740,NA,T1,1178
246,4,28892,Q2,S,1,229,Decid,740,NA,T1,584
247,4,28892,Q3,D,1,57,Decid,740,NA,T1,771
248,4,28892,Q4,S,1,53,Decid,740,NA,T1,836
249,4,26962,Q1,D,3,45,Decid,600,NA,T1,439
250,4,26962,Q2,S,1,60,Decid,682,NA,T1,225
251,4,26962,Q3,S,2,116,Decid,970,NA,T1,208
252,4,26962,Q4,D,5,49,Decid,310,NA,T1,122
253,4,26961,Q1,D,4,87,Decid,310,NA,T1,141
254,4,26961,Q2,D,2,47,Decid,740,NA,T1,291
255,4,26961,Q3,D,8,35,Decid,462,NA,T1,131
256,4,26961,Q4,D,7,130,Decid,310,NA,T1,225
257,4,30211,Q1,D,1,231,Decid,740,NA,T1,1066
258,4,30211,Q2,D,2,140,Decid,310,NA,T1,190
259,4,30211,Q3,D,1,112,Decid,310,NA,T1,185
260,4,30211,Q4,D,1,155,Decid,310,NA,T1,189
262,4,30212,Q2,D,4,48,Decid,310,NA,T1,582
263,4,30212,Q3,D,1,122,Decid,540,NA,T1,170
265,4,26811,Q1,D,0,77,Decid,540,NA,T1,102
266,4,26811,Q2,D,1,68,Conf,57,NA,T1,152
267,4,26811,Q3,D,0,102,Decid,800,NA,T1,848
268,4,26811,Q4,D,0,92,Decid,800,NA,T1,773
269,4,26812,Q1,D,1,190,Decid,800,NA,T1,307
270,4,26812,Q2,D,1,136,Decid,800,NA,T1,575
271,4,26812,Q3,D,5,103,Decid,540,NA,T1,253
272,4,26812,Q4,D,1,115,Decid,540,NA,T1,107
273,4,27451,Q1,D,5,65,Decid,800,NA,T1,505
274,4,27451,Q2,D,6,88,Decid,800,NA,T1,195
275,4,27451,Q3,S,6,76,Decid,800,NA,T1,262
276,4,27451,Q4,D,10,135,Decid,540,NA,T1,550
277,4,27452,Q1,D,5,93,Decid,800,NA,T1,656
278,4,27452,Q2,D,3,132,Decid,462,NA,T1,195
279,4,27452,Q3,D,2,50,Decid,540,NA,T1,255
280,4,27452,Q4,D,1,34,Decid,800,NA,T1,878
281,4,27931,Q1,D,1,137,Decid,800,NA,T1,392
282,4,27931,Q2,D,0,119,Decid,800,NA,T1,239
284,4,27931,Q4,D,1,68,Decid,800,NA,T1,221
285,4,27932,Q1,D,8,70,Decid,800,NA,T1,477
286,4,27932,Q2,D,3,80,Decid,800,NA,T1,360
287,4,27932,Q3,D,1,81,Decid,800,NA,T1,313
288,4,27932,Q4,D,3,50,Decid,800,NA,T1,377
289,4,26172,Q1,D,2,60,Decid,310,NA,T1,268
290,4,26172,Q2,D,2,74,Decid,800,NA,T1,370
291,4,26172,Q3,D,2,51,Decid,800,NA,T1,289
292,4,26172,Q4,D,3,64,Decid,540,NA,T1,217
293,4,26171,Q1,D,1,123,Conf,57,NA,T1,159
294,4,26171,Q2,S,0,89,Decid,920,NA,T1,153
295,4,26171,Q3,S,9,150,Decid,740,NA,T1,298
296,4,26171,Q4,D,2,106,Conf,57,NA,T1,125
297,4,28371,Q1,D,0,123,Decid,540,NA,T1,242
299,4,28371,Q3,D,0,152,Decid,540,NA,T1,419
300,4,28371,Q4,D,3,104,Decid,800,NA,T1,383
301,4,28372,Q1,S,0,121,Decid,970,NA,T1,195
303,4,28372,Q3,S,2,76,Decid,540,NA,T1,400
304,4,28372,Q4,D,1,77,Decid,540,NA,T1,104
305,4,26011,Q1,D,1,85,Decid,970,NA,T1,157
306,4,26011,Q2,D,2,85,Decid,740,NA,T1,1259
307,4,26011,Q3,D,5,100,Decid,970,NA,T1,201
308,4,26011,Q4,D,4,75,Decid,970,NA,T1,140
309,4,26012,Q1,D,2,157,Decid,740,NA,T1,2160
310,4,26012,Q2,D,0,132,Decid,740,NA,T1,707
312,4,26012,Q4,D,3,109,Decid,740,NA,T1,783
313,4,25952,Q1,S,1,133,Decid,970,NA,T1,551
314,4,25952,Q2,S,2,65,Decid,552,NA,T1,177
315,4,25952,Q3,S,0,51,Conf,57,NA,T1,305
316,4,25952,Q4,S,0,40,Conf,57,NA,T1,240
317,4,25951,Q1,S,0,62,Decid,552,NA,T1,295
318,4,25951,Q2,S,0,25,Decid,552,NA,T1,370
319,4,25951,Q3,S,0,48,Decid,970,NA,T1,792
320,4,25951,Q4,S,0,63,Decid,970,NA,T1,806
321,4,27261,Q1,S,0,163,Decid,740,NA,T1,789
327,4,27262,Q3,D,0,100,Conf,57,NA,T1,151
328,4,27262,Q4,D,0,203,Decid,970,NA,T1,403
329,4,27091,Q1,D,12,72,Decid,800,NA,T1,631
330,4,27091,Q2,D,8,71,Decid,800,NA,T1,376
331,4,27091,Q3,D,6,83,Decid,800,NA,T1,209
332,4,27091,Q4,D,6,68,Decid,800,NA,T1,653
333,4,27092,Q1,D,6,34,Decid,800,NA,T1,225
334,4,27092,Q2,D,9,81,Decid,800,NA,T1,438
335,4,27092,Q3,D,10,64,Decid,800,NA,T1,525
336,4,27092,Q4,D,9,116,Decid,800,NA,T1,775
337,4,26111,Q1,D,11,100,Decid,310,NA,T1,442
338,4,26111,Q2,D,9,72,Decid,970,NA,T1,112
339,4,26111,Q3,D,1,94,Decid,540,NA,T1,116
340,4,26111,Q4,D,2,156,Decid,310,NA,T1,640
341,4,26112,Q1,D,4,152,Decid,310,NA,T1,449
342,4,26112,Q2,D,4,124,Decid,310,NA,T1,408
345,4,26141,Q1,D,15,47,Decid,970,NA,T1,312
346,4,26141,Q2,S,0,79,Decid,970,NA,T1,221
347,4,26141,Q3,D,0,61,Decid,970,NA,T1,248
348,4,26141,Q4,D,5,103,Conf,57,NA,T1,260
349,4,26142,Q1,D,5,103,Decid,970,NA,T1,183
352,4,26142,Q4,D,1,171,Decid,970,NA,T1,144
353,4,26532,Q1,D,0,129,Decid,310,NA,T1,577
354,4,26532,Q2,D,1,70,Decid,740,NA,T1,821
355,4,26532,Q3,D,0,92,Decid,740,NA,T1,938
356,4,26532,Q4,S,0,57,Decid,740,NA,T1,808
357,4,26531,Q1,D,0,101,Decid,740,NA,T1,1520
358,4,26531,Q2,D,7,80,Decid,740,NA,T1,1343
359,4,26531,Q3,D,2,119,Decid,540,NA,T1,195
360,4,26531,Q4,S,4,157,Decid,540,NA,T1,740
361,4,26751,Q1,D,0,99,Conf,57,NA,T1,185
362,4,26751,Q2,D,1,102,Decid,998,NA,T1,175
363,4,26751,Q3,D,1,72,Conf,57,NA,T1,135
364,4,26751,Q4,D,0,98,Decid,740,NA,T1,300
365,4,26752,Q1,D,2,54,Decid,970,NA,T1,160
366,4,26752,Q2,S,0,26,Decid,540,NA,T1,367
368,4,26752,Q4,D,4,47,Conf,57,NA,T1,122
369,1,41,Q1,S,5,66,Conf,57,NA,T1,106
370,1,41,Q2,S,2,50,Decid,740,NA,T1,905
371,1,41,Q3,S,1,125,Decid,740,NA,T1,446
372,1,41,Q4,S,0,80,Decid,740,NA,T1,318
375,1,42,Q3,S,0,114,Decid,641,"""SIMPLE MARGINS, CUMINATE TIP, WHIRLED ARRGMNT, 1/2cm SPINES/0641 Corrected""",T1,430
376,1,42,Q4,S,0,204,Decid,682,NA,T1,114
377,1,92,Q1,S,0,62,Decid,740,NA,T1,945
378,1,92,Q2,S,0,96,Decid,731,NA,T1,507
380,1,92,Q4,S,0,80,Decid,731,NA,T1,507
381,1,91,Q1,D,0,133,Decid,731,NA,T1,946
383,1,91,Q3,S,0,172,Decid,540,NA,T1,680
384,1,91,Q4,D,0,196,Decid,740,NA,T1,1196
385,1,151,Q1,S,0,85,Decid,552,NA,T1,132
386,1,151,Q2,S,1,72,Decid,552,NA,T1,186
387,1,151,Q3,D,1,163,Decid,552,NA,T1,160
388,1,151,Q4,S,1,117,Decid,800,NA,T1,362
389,1,152,Q1,D,0,57,Decid,552,NA,T1,374
390,1,152,Q2,D,2,94,Decid,552,NA,T1,100
391,1,152,Q3,S,1,49,Decid,552,NA,T1,273
392,1,152,Q4,D,0,77,Decid,462,NA,T1,155
393,1,171,Q1,S,1,95,Decid,951,NA,T1,486
394,1,171,Q2,S,1,107,Decid,462,NA,T1,355
395,1,171,Q3,S,1,100,Decid,462,NA,T1,318
396,1,171,Q4,S,1,119,Decid,462,NA,T1,178
397,1,172,Q1,S,0,70,Decid,552,NA,T1,167
398,1,172,Q2,S,0,72,Decid,552,NA,T1,220
399,1,172,Q3,S,1,150,Decid,462,NA,T1,768
400,1,172,Q4,S,0,60,Decid,552,NA,T1,124
401,1,181,Q1,D,2,46,Decid,901,NA,T1,165
402,1,181,Q2,D,1,72,Decid,901,NA,T1,198
403,1,181,Q3,D,2,23,Decid,540,NA,T1,372
404,1,181,Q4,D,3,65,Decid,740,NA,T1,419
405,1,182,Q1,D,2,158,Decid,951,NA,T1,452
406,1,182,Q2,D,0,45,Decid,970,NA,T1,154
407,1,182,Q3,S,1,63,Decid,800,NA,T1,298
408,1,182,Q4,D,0,72,Decid,998,"""MIGHT BE BEECH""",T1,147
409,1,201,Q1,S,0,95,Conf,57,NA,T1,180
410,1,201,Q2,S,1,59,Conf,57,NA,T1,235
411,1,201,Q3,S,0,96,Conf,57,NA,T1,101
412,1,201,Q4,S,2,59,Decid,970,NA,T1,210
415,1,202,Q3,S,1,161,Decid,920,NA,T1,213
416,1,202,Q4,S,0,67,Decid,740,NA,T1,805
417,1,341,Q1,D,1,77,Decid,462,NA,T1,518
418,1,341,Q2,D,2,77,Decid,400,NA,T1,214
419,1,341,Q3,D,2,112,Decid,400,NA,T1,318
420,1,341,Q4,D,1,66,Decid,462,NA,T1,695
421,1,342,Q1,D,3,77,Decid,951,NA,T1,443
422,1,342,Q2,D,3,45,Decid,540,NA,T1,114
423,1,342,Q3,D,0,43,Decid,951,NA,T1,346
424,1,342,Q4,D,2,49,Decid,970,NA,T1,153
425,1,501,Q1,D,3,69,Decid,600,NA,T1,385
426,1,501,Q2,D,2,69,Decid,951,NA,T1,260
427,1,501,Q3,D,0,94,Decid,951,NA,T1,323
428,1,501,Q4,D,2,113,Decid,400,NA,T1,170
429,1,502,Q1,D,2,170,Decid,462,NA,T1,445
430,1,502,Q2,D,4,54,Decid,462,NA,T1,311
431,1,502,Q3,D,1,67,Decid,540,NA,T1,190
432,1,502,Q4,D,1,80,Decid,462,NA,T1,246
433,1,531,Q1,D,3,88,Decid,920,NA,T1,700
435,1,531,Q3,D,4,103,Decid,310,NA,T1,334
436,1,531,Q4,D,1,124,Decid,740,NA,T1,673
437,1,532,Q1,D,0,171,Decid,740,NA,T1,378
440,1,532,Q4,D,0,94,Decid,920,NA,T1,216
442,1,591,Q2,D,1,57,Conf,57,NA,T1,305
443,1,591,Q3,D,0,65,Decid,800,NA,T1,122
444,1,591,Q4,S,1,117,Decid,800,NA,T1,181
445,1,592,Q1,D,2,77,Decid,600,NA,T1,474
446,1,592,Q2,D,6,58,Decid,970,NA,T1,116
447,1,592,Q3,D,1,36,Decid,400,NA,T1,235
448,1,592,Q4,D,5,59,Decid,800,NA,T1,327
449,1,612,Q1,S,0,145,Decid,600,NA,T1,637
450,1,612,Q2,S,0,137,Decid,998,"""PICS ON CAT'S PHONE""",T1,121
451,1,612,Q3,S,0,224,Conf,57,NA,T1,228
452,1,612,Q4,S,0,131,Decid,901,NA,T1,319
453,1,611,Q1,S,0,80,Decid,540,NA,T1,203
454,1,611,Q2,S,1,62,Decid,540,NA,T1,172
456,1,611,Q4,S,0,111,Decid,310,NA,T1,251
457,1,661,Q1,S,1,184,Decid,800,NA,T1,275
458,1,661,Q2,D,0,124,Decid,800,NA,T1,109
459,1,661,Q3,D,2,21,Decid,800,NA,T1,865
460,1,661,Q4,D,2,70,Decid,970,NA,T1,180
461,1,662,Q1,S,1,93,Decid,641,"""ALTERNATE, ENTIRE MARGIN, OVATE, CUMINATE TIP, THORNS 1-1.5cm/0641 corrected""",T1,124
462,1,662,Q2,S,0,199,Decid,800,NA,T1,260
463,1,662,Q3,S,0,138,Decid,800,NA,T1,932
465,1,911,Q1,S,1,127,Decid,600,NA,T1,120
466,1,911,Q2,D,0,75,Decid,462,NA,T1,270
467,1,911,Q3,D,0,44,Decid,552,NA,T1,240
468,1,911,Q4,S,1,93,Decid,310,NA,T1,225
469,1,912,Q1,D,0,61,Decid,462,NA,T1,500
470,1,912,Q2,D,1,82,Decid,998,"""REVIEW TRIMMING""",T1,741
471,1,912,Q3,D,1,38,Decid,552,NA,T1,421
472,1,912,Q4,D,0,117,Decid,600,NA,T1,125
473,1,931,Q1,S,3,171,Decid,540,NA,T1,197
475,1,931,Q3,S,0,115,Decid,920,NA,T1,195
476,1,931,Q4,S,0,176,Decid,920,NA,T1,421
477,1,932,Q1,S,0,235,Decid,920,NA,T1,184
478,1,932,Q2,S,4,225,Decid,682,NA,T1,199
481,1,971,Q1,D,1,67,Decid,800,NA,T1,631
482,1,971,Q2,D,3,77,Decid,800,NA,T1,581
483,1,971,Q3,D,0,29,Decid,400,NA,T1,261
484,1,971,Q4,D,1,48,Decid,800,NA,T1,367
485,1,972,Q1,D,0,58,Decid,552,NA,T1,379
486,1,972,Q2,D,3,74,Decid,552,NA,T1,276
487,1,972,Q3,D,0,38,Decid,800,NA,T1,671
488,1,972,Q4,D,2,130,Decid,800,NA,T1,692
489,1,981,Q1,D,6,45,Decid,800,NA,T1,615
490,1,981,Q2,D,2,55,Decid,970,NA,T1,224
491,1,981,Q3,D,3,63,Decid,970,NA,T1,190
492,1,981,Q4,D,4,74,Decid,462,NA,T1,232
493,1,982,Q1,D,4,149,Decid,970,NA,T1,330
494,1,982,Q2,D,2,103,Decid,462,NA,T1,238
495,1,982,Q3,D,2,153,Decid,462,NA,T1,209
496,1,982,Q4,D,0,158,Decid,462,NA,T1,425
497,1,1131,Q1,S,0,148,Decid,462,NA,T1,164
498,1,1131,Q2,S,0,82,Decid,540,NA,T1,210
500,1,1131,Q4,O,0,208,Decid,920,NA,T1,240
501,1,1132,Q1,D,2,147,Decid,800,NA,T1,848
502,1,1132,Q2,D,0,161,Decid,970,NA,T1,266
503,1,1132,Q3,S,0,104,Decid,540,NA,T1,190
504,1,1132,Q4,D,0,141,Decid,970,NA,T1,290
506,1,1211,Q2,D,0,48,Decid,800,NA,T1,107
507,1,1211,Q3,D,2,71,Conf,57,NA,T1,303
508,1,1211,Q4,S,1,86,Decid,740,NA,T1,103
510,1,1212,Q2,S,0,99,Decid,552,NA,T1,199
511,1,1212,Q3,D,1,54,Conf,57,NA,T1,254
512,1,1212,Q4,D,0,105,Decid,682,NA,T1,662
513,1,1251,Q1,D,2,78,Decid,970,NA,T1,364
514,1,1251,Q2,D,2,81,Decid,600,NA,T1,220
515,1,1251,Q3,D,2,56,Decid,400,NA,T1,326
516,1,1251,Q4,D,2,61,Decid,600,NA,T1,445
517,1,1252,Q1,D,0,166,Decid,462,NA,T1,477
518,1,1252,Q2,D,3,57,Decid,970,NA,T1,151
519,1,1252,Q3,D,2,44,Decid,970,NA,T1,116
521,1,1531,Q1,O,0,106,Decid,731,NA,T1,499
523,1,1531,Q3,D,0,122,Decid,682,NA,T1,598
524,1,1531,Q4,D,2,104,Decid,731,NA,T1,613
525,1,1532,Q1,S,0,107,Decid,740,NA,T1,685
526,1,1532,Q2,O,0,44,Decid,740,NA,T1,1125
527,1,1532,Q3,O,0,156,Decid,740,NA,T1,970
528,1,1532,Q4,S,0,77,Decid,731,NA,T1,463
529,1,1551,Q1,S,0,202,Decid,800,NA,T1,657
530,1,1551,Q2,S,0,139,Decid,800,NA,T1,871
531,1,1551,Q3,S,0,147,Decid,800,NA,T1,731
532,1,1551,Q4,S,0,141,Decid,800,NA,T1,546
533,1,1552,Q1,S,0,112,Decid,800,NA,T1,700
535,1,1552,Q3,S,0,103,Decid,800,NA,T1,757
536,1,1552,Q4,S,0,216,Decid,800,NA,T1,836
537,1,1571,Q1,D,0,173,Decid,600,NA,T1,535
538,1,1571,Q2,S,0,229,Decid,540,NA,T1,180
539,1,1571,Q3,D,3,157,Decid,970,NA,T1,705
540,1,1571,Q4,D,2,132,Decid,682,NA,T1,185
541,1,1572,Q1,D,3,70,Decid,600,NA,T1,202
542,1,1572,Q2,D,6,35,Decid,951,NA,T1,351
543,1,1572,Q3,D,3,97,Decid,462,NA,T1,165
544,1,1572,Q4,S,3,107,Decid,462,NA,T1,163
545,1,2091,Q1,D,2,66,Decid,970,NA,T1,202
546,1,2091,Q2,D,1,61,Decid,970,NA,T1,147
547,1,2091,Q3,D,2,21,Decid,970,NA,T1,287
548,1,2091,Q4,D,2,58,Decid,970,NA,T1,293
549,1,2092,Q1,S,3,48,Decid,552,NA,T1,165
550,1,2092,Q2,S,2,43,Decid,552,NA,T1,187
551,1,2092,Q3,D,3,63,Decid,998,"""ALTERNATE, SINGLE-SPACED MARGINS, BROWN TWIGS, GREEN TO RED BERRIES, POINTED BUDS, LANCE-SHAPED LEAVES, PLATED, PEELING BARK""",T1,765
552,1,2092,Q4,D,6,49,Decid,552,NA,T1,680
554,3,17341,Q2,D,0,94,Decid,740,NA,T1,241
555,3,17341,Q3,D,0,43,Decid,970,NA,T1,128
556,3,17341,Q4,D,0,44,Decid,740,NA,T1,685
558,3,17342,Q2,D,2,84,Decid,740,NA,T1,242
559,3,17342,Q3,D,3,84,Decid,740,NA,T1,583
560,3,17342,Q4,D,0,108,Decid,682,NA,T1,166
561,3,17811,Q1,S,0,71,Decid,462,NA,T1,155
564,3,17811,Q4,D,0,123,Decid,462,NA,T1,435
565,3,17812,Q1,S,0,219,Decid,740,NA,T1,125
566,3,17812,Q2,D,0,134,Decid,740,NA,T1,704
567,3,17812,Q3,D,3,96,Decid,682,NA,T1,162
568,3,17812,Q4,D,0,198,Decid,970,NA,T1,105
569,3,18941,Q1,S,0,54,Conf,57,NA,T1,187
570,3,18941,Q2,S,0,67,Conf,57,NA,T1,188
571,3,18941,Q3,S,0,92,Conf,57,NA,T1,327
572,3,18941,Q4,S,2,53,Conf,57,NA,T1,104
573,3,18942,Q1,S,2,32,Decid,800,NA,T1,296
574,3,18942,Q2,S,2,64,Decid,540,NA,T1,301
575,3,18942,Q3,S,4,104,Decid,800,NA,T1,130
576,3,18942,Q4,S,2,61,Decid,970,NA,T1,129
577,3,17542,Q1,S,0,70,Decid,970,NA,T1,129
580,3,17542,Q4,S,0,55,Conf,57,NA,T1,191
581,3,17541,Q1,S,0,29,Decid,462,NA,T1,235
582,3,17541,Q2,S,0,44,Decid,462,NA,T1,427
583,3,17541,Q3,S,0,85,Conf,57,NA,T1,103
584,3,17541,Q4,D,0,49,Decid,800,NA,T1,925
586,3,18782,Q2,S,0,44,Decid,970,NA,T1,114
587,3,18782,Q3,D,0,94,Decid,462,NA,T1,169
588,3,18782,Q4,D,0,187,Decid,682,NA,T1,315
589,3,18781,Q1,S,0,47,Decid,462,NA,T1,111
591,3,18781,Q3,D,0,138,Decid,970,NA,T1,240
592,3,18781,Q4,D,0,85,Decid,552,NA,T1,124
593,3,18101,Q1,D,1,101,Decid,970,NA,T1,528
594,3,18101,Q2,D,3,37,Decid,970,NA,T1,428
595,3,18101,Q3,D,1,89,Decid,970,NA,T1,222
596,3,18101,Q4,D,2,76,Decid,970,NA,T1,305
597,3,18102,Q1,D,0,57,Decid,970,NA,T1,383
598,3,18102,Q2,D,2,81,Decid,740,NA,T1,573
599,3,18102,Q3,D,3,104,Decid,970,NA,T1,447
600,3,18102,Q4,D,4,44,Decid,310,NA,T1,309
601,3,17531,Q1,S,2,101,Decid,800,NA,T1,798
602,3,17531,Q2,S,2,52,Conf,57,NA,T1,440
603,3,17531,Q3,S,2,117,Decid,800,NA,T1,243
604,3,17531,Q4,S,2,76,Decid,970,NA,T1,136
605,3,17532,Q1,S,8,95,Decid,970,NA,T1,283
606,3,17532,Q2,S,7,44,Decid,970,NA,T1,104
607,3,17532,Q3,S,5,66,Decid,970,NA,T1,190
608,3,17532,Q4,S,5,74,Decid,540,NA,T1,197
609,3,17502,Q1,D,0,122,Decid,970,NA,T1,290
611,3,17502,Q3,D,4,83,Conf,57,NA,T1,202
612,3,17502,Q4,S,4,80,Conf,57,NA,T1,152
613,3,17501,Q1,S,0,118,Conf,57,NA,T1,212
614,3,17501,Q2,S,3,90,Decid,800,NA,T1,142
615,3,17501,Q3,S,2,140,Decid,970,NA,T1,286
616,3,17501,Q4,O,0,211,Conf,57,NA,T1,132
617,3,18021,Q1,O,0,110,Decid,970,NA,T1,320
618,3,18021,Q2,S,0,91,Decid,800,NA,T1,542
619,3,18021,Q3,S,0,122,Decid,462,NA,T1,639
620,3,18021,Q4,S,0,213,Conf,57,NA,T1,168
621,3,18022,Q1,O,0,53,Conf,57,NA,T1,114
622,3,18022,Q2,S,0,105,Decid,800,NA,T1,168
623,3,18022,Q3,S,0,135,Decid,800,NA,T1,172
624,3,18022,Q4,O,0,66,Conf,57,NA,T1,172
625,3,17411,Q1,O,1,78,Decid,970,NA,T1,284
626,3,17411,Q2,O,0,100,Decid,552,NA,T1,136
627,3,17411,Q3,D,1,104,Decid,552,NA,T1,125
628,3,17411,Q4,S,0,33,Decid,970,NA,T1,273
629,3,17412,Q1,S,2,89,Decid,682,NA,T1,210
630,3,17412,Q2,S,0,64,Decid,462,NA,T1,275
631,3,17412,Q3,D,3,65,Decid,600,NA,T1,121
632,3,17412,Q4,D,1,48,Decid,970,NA,T1,511
633,3,18012,Q1,O,1,88,Decid,462,NA,T1,482
634,3,18012,Q2,O,0,50,Decid,540,NA,T1,292
635,3,18012,Q3,O,0,54,Decid,970,NA,T1,461
636,3,18012,Q4,S,0,242,Decid,462,NA,T1,576
638,3,18011,Q2,S,6,49,Conf,57,NA,T1,193
639,3,18011,Q3,S,3,51,Decid,552,NA,T1,230
640,3,18011,Q4,S,4,58,Decid,552,NA,T1,159
641,3,17692,Q1,S,0,137,Decid,641,NA,T1,167
642,3,17692,Q2,S,0,68,Decid,641,NA,T1,480
645,3,17691,Q1,S,0,88,Decid,641,NA,T1,240
646,3,17691,Q2,S,0,92,Decid,970,NA,T1,266
647,3,17691,Q3,S,0,80,Decid,641,NA,T1,167
648,3,17691,Q4,S,0,126,Decid,641,NA,T1,305
649,3,17852,Q1,O,0,104,Decid,540,NA,T1,245
650,3,17852,Q2,O,2,87,Decid,682,NA,T1,720
653,3,17851,Q1,O,1,96,Decid,540,NA,T1,439
654,3,17851,Q2,O,0,87,Decid,540,NA,T1,394
655,3,17851,Q3,O,0,37,Decid,462,NA,T1,318
656,3,17851,Q4,O,2,52,Decid,462,NA,T1,315
657,3,18651,Q1,S,1,82,Conf,57,NA,T1,141
658,3,18651,Q2,O,7,70,Conf,57,NA,T1,133
659,3,18651,Q3,O,0,97,Conf,57,NA,T1,271
660,3,18651,Q4,O,0,110,Conf,57,NA,T1,100
661,3,18652,Q1,O,0,130,Conf,57,NA,T1,122
662,3,18652,Q2,O,0,90,Conf,57,NA,T1,264
663,3,18652,Q3,O,0,89,Conf,57,NA,T1,105
664,3,18652,Q4,O,0,150,Conf,57,NA,T1,118
665,3,18172,Q1,D,0,56,Decid,540,NA,T1,147
666,3,18172,Q2,D,0,76,Decid,540,NA,T1,188
668,3,18172,Q4,S,1,85,Decid,462,NA,T1,760
669,3,18171,Q1,S,1,129,Decid,462,NA,T1,309
670,3,18171,Q2,S,1,47,Decid,682,NA,T1,267
671,3,18171,Q3,S,0,38,Decid,462,NA,T1,474
672,3,18171,Q4,S,2,88,Decid,462,NA,T1,574
673,3,17382,Q1,D,3,150,Decid,800,NA,T1,474
674,3,17382,Q2,S,0,83,Conf,57,NA,T1,128
675,3,17382,Q3,S,0,74,Conf,57,NA,T1,131
676,3,17382,Q4,D,1,97,Decid,800,NA,T1,171
677,3,17381,Q1,D,0,112,Decid,970,NA,T1,521
678,3,17381,Q2,D,0,80,Decid,800,NA,T1,415
679,3,17381,Q3,D,1,85,Decid,800,NA,T1,993
680,3,17381,Q4,D,0,64,Decid,970,NA,T1,245
681,3,18451,Q1,O,1,94,Decid,682,NA,T1,231
682,3,18451,Q2,S,0,79,Decid,970,NA,T1,449
683,3,18451,Q3,S,3,57,Decid,552,NA,T1,220
685,3,18452,Q1,D,0,76,Conf,57,NA,T1,162
687,3,18452,Q3,S,3,83,Conf,57,NA,T1,231
688,3,18452,Q4,D,2,102,Conf,57,NA,T1,348
690,3,17302,Q2,S,3,107,Decid,462,NA,T1,123
691,3,17302,Q3,S,0,47,Decid,462,NA,T1,162
694,3,17301,Q2,S,2,130,Decid,970,NA,T1,179
695,3,17301,Q3,S,2,72,Decid,540,NA,T1,179
697,3,18931,Q1,S,0,95,Decid,552,NA,T1,139
698,3,18931,Q2,S,0,91,Decid,600,NA,T1,362
699,3,18931,Q3,S,0,122,Decid,600,NA,T1,288
700,3,18931,Q4,S,2,115,Conf,57,NA,T1,100
701,3,18932,Q1,S,3,164,Decid,970,NA,T1,272
702,3,18932,Q2,S,0,84,Decid,998,NA,T1,230
703,3,18932,Q3,S,0,154,Decid,552,NA,T1,154
704,3,18932,Q4,S,0,204,Decid,682,NA,T1,433
705,3,17581,Q1,S,1,81,Decid,310,NA,T1,208
706,3,17581,Q2,D,0,82,Decid,310,NA,T1,757
707,3,17581,Q3,S,1,55,Decid,310,NA,T1,217
708,3,17581,Q4,O,1,87,Decid,540,NA,T1,339
709,3,17582,Q1,O,0,99,Decid,310,NA,T1,164
710,3,17582,Q2,S,0,83,Decid,310,NA,T1,186
711,3,17582,Q3,S,1,76,Decid,310,NA,T1,1280
712,3,17582,Q4,D,1,124,Decid,310,NA,T1,331
713,3,18662,Q1,O,1,120,Conf,57,NA,T1,207
714,3,18662,Q2,O,0,140,Conf,57,NA,T1,235
715,3,18662,Q3,O,0,112,Conf,57,NA,T1,158
716,3,18662,Q4,O,0,141,Decid,552,NA,T1,143
717,3,18661,Q1,S,0,149,Decid,552,NA,T1,150
718,3,18661,Q2,S,0,209,Decid,552,NA,T1,421
721,3,17661,Q1,S,0,78,Conf,57,NA,T1,219
722,3,17661,Q2,S,0,59,Conf,57,NA,T1,265
723,3,17661,Q3,S,0,68,Conf,57,NA,T1,259
724,3,17661,Q4,S,0,51,Conf,57,NA,T1,154
725,3,17662,Q1,O,1,225,Conf,57,NA,T1,114
726,3,17662,Q2,O,0,233,Conf,57,NA,T1,183
727,3,17662,Q3,S,1,74,Conf,57,NA,T1,144
728,3,17662,Q4,S,1,112,Conf,57,NA,T1,113
729,3,19061,Q1,D,6,94,Decid,310,NA,T1,635
730,3,19061,Q2,D,1,201,Decid,310,NA,T1,879
732,3,19061,Q4,D,4,140,Decid,970,NA,T1,801
733,3,19062,Q1,D,0,64,Decid,682,NA,T1,262
734,3,19062,Q2,S,0,29,Decid,970,NA,T1,170
735,3,19062,Q3,S,0,54,Decid,920,NA,T1,276
736,3,19062,Q4,S,0,67,Decid,682,NA,T1,192
737,2,10431,Q1,S,0,69,Decid,951,NA,T1,359
738,2,10431,Q2,O,0,64,Decid,800,NA,T1,1038
739,2,10431,Q3,S,1,78,Decid,462,NA,T1,161
740,2,10431,Q4,S,0,44,Decid,600,NA,T1,184
741,2,10432,Q1,O,0,67,Conf,100,NA,T1,369
742,2,10432,Q2,O,0,46,Conf,100,NA,T1,260
743,2,10432,Q3,O,0,115,Conf,100,NA,T1,488
744,2,10432,Q4,O,0,173,Decid,540,NA,T1,148
746,2,9562,Q2,O,0,168,Decid,800,NA,T1,200
747,2,9562,Q3,O,0,73,Decid,540,NA,T1,127
749,2,9561,Q1,O,0,175,Conf,90,NA,T1,250
750,2,9561,Q2,O,0,57,Conf,90,NA,T1,220
751,2,9561,Q3,O,0,29,Conf,90,NA,T1,230
752,2,9561,Q4,O,2,69,Conf,90,NA,T1,260
753,2,10041,Q1,D,5,74,Decid,462,NA,T1,163
754,2,10041,Q2,D,0,47,Decid,901,NA,T1,592
755,2,10041,Q3,D,0,37,Decid,462,NA,T1,162
756,2,10041,Q4,D,1,42,Decid,462,NA,T1,267
757,2,10042,Q1,S,2,90,Decid,901,NA,T1,222
758,2,10042,Q2,S,0,37,Decid,901,NA,T1,111
759,2,10042,Q3,D,4,31,Decid,970,NA,T1,359
760,2,10042,Q4,D,4,36,Decid,970,NA,T1,172
761,2,8722,Q1,D,1,113,Decid,970,NA,T1,140
763,2,8722,Q3,O,0,143,Decid,997,NA,T1,115
764,2,8722,Q4,S,2,173,Decid,970,NA,T1,191
765,2,8721,Q1,S,1,160,Decid,57,NA,T1,231
768,2,8721,Q4,S,0,119,Decid,970,NA,T1,169
769,2,9581,Q1,D,0,96,Decid,682,NA,T1,109
770,2,9581,Q2,D,0,101,Conf,57,NA,T1,134
771,2,9581,Q3,D,0,114,Decid,901,NA,T1,159
772,2,9581,Q4,D,0,135,Decid,970,NA,T1,283
773,2,9582,Q1,D,0,104,Decid,682,NA,T1,162
774,2,9582,Q2,D,0,68,Decid,682,NA,T1,383
775,2,9582,Q3,D,0,94,Decid,970,NA,T1,390
777,2,8981,Q1,S,4,61,Decid,540,NA,T1,242
778,2,8981,Q2,S,0,48,Decid,462,NA,T1,288
779,2,8981,Q3,D,2,40,Decid,970,NA,T1,539
780,2,8981,Q4,S,0,127,Decid,951,NA,T1,655
781,2,8982,Q1,D,3,96,Decid,951,NA,T1,208
782,2,8982,Q2,D,0,69,Decid,540,NA,T1,302
783,2,8982,Q3,D,2,75,Decid,970,NA,T1,125
784,2,8982,Q4,D,1,115,Decid,540,NA,T1,290
785,2,9841,Q1,S,0,53,Decid,571,NA,T1,299
786,2,9841,Q2,O,0,19,Decid,970,NA,T1,157
787,2,9841,Q3,S,1,53,Decid,571,NA,T1,386
788,2,9841,Q4,S,0,87,Decid,571,NA,T1,552
789,2,9842,Q1,S,0,60,Decid,970,NA,T1,184
790,2,9842,Q2,D,2,31,Decid,970,NA,T1,105
791,2,9842,Q3,D,3,54,Decid,600,NA,T1,250
792,2,9842,Q4,D,0,78,Decid,800,NA,T1,433
793,2,8861,Q1,S,1,81,Decid,800,NA,T1,293
794,2,8861,Q2,S,3,18,Decid,462,NA,T1,369
795,2,8861,Q3,S,7,60,Decid,800,NA,T1,285
796,2,8861,Q4,S,1,96,Decid,462,NA,T1,236
797,2,8862,Q1,D,1,98,Decid,540,NA,T1,359
798,2,8862,Q2,D,4,110,Decid,540,NA,T1,407
799,2,8862,Q3,D,2,112,Decid,540,NA,T1,460
800,2,8862,Q4,D,1,103,Decid,800,NA,T1,196
801,2,8882,Q1,D,4,37,Decid,970,NA,T1,121
802,2,8882,Q2,D,4,68,Decid,970,NA,T1,281
803,2,8882,Q3,D,0,44,Decid,970,NA,T1,467
804,2,8882,Q4,S,1,62,Decid,951,NA,T1,473
805,2,8881,Q1,D,5,59,Decid,310,NA,T1,136
806,2,8881,Q2,D,2,97,Decid,571,NA,T1,233
807,2,8881,Q3,D,1,60,Decid,970,NA,T1,373
808,2,8881,Q4,D,2,17,Decid,970,NA,T1,220
809,2,9811,Q1,S,0,186,Decid,901,NA,T1,206
810,2,9811,Q2,S,0,56,Decid,970,NA,T1,269
811,2,9811,Q3,D,1,99,Decid,970,NA,T1,162
812,2,9811,Q4,O,1,57,Decid,970,NA,T1,129
813,2,9812,Q1,S,0,59,Decid,600,NA,T1,263
814,2,9812,Q2,D,4,58,Decid,462,NA,T1,148
815,2,9812,Q3,S,1,87,Decid,682,NA,T1,163
817,2,10212,Q1,D,0,27,Decid,310,NA,T1,278
818,2,10212,Q2,D,0,43,Decid,682,NA,T1,169
819,2,10212,Q3,S,0,14,Decid,310,NA,T1,193
820,2,10212,Q4,S,2,35,Decid,682,NA,T1,468
821,2,10211,Q1,S,0,70,Decid,901,NA,T1,245
822,2,10211,Q2,O,0,81,Decid,901,NA,T1,232
823,2,10211,Q3,S,0,35,Decid,901,NA,T1,190
824,2,10211,Q4,D,0,52,Decid,901,NA,T1,140
825,2,10122,Q1,O,0,54,Decid,901,NA,T1,323
826,2,10122,Q2,O,0,82,Decid,901,NA,T1,128
827,2,10122,Q3,O,8,98,Decid,901,NA,T1,704
828,2,10122,Q4,O,3,81,Decid,901,NA,T1,158
829,2,10121,Q1,S,0,103,Decid,682,NA,T1,388
830,2,10121,Q2,S,0,74,Decid,310,NA,T1,382
831,2,10121,Q3,S,1,142,Conf,57,NA,T1,167
832,2,10121,Q4,D,0,155,Decid,600,NA,T1,347
833,2,9641,Q1,S,0,63,Decid,970,NA,T1,140
834,2,9641,Q2,S,0,162,Decid,970,NA,T1,245
835,2,9641,Q3,S,2,107,Decid,951,NA,T1,188
836,2,9641,Q4,S,1,138,Decid,951,NA,T1,430
837,2,9642,Q1,S,2,27,Decid,920,NA,T1,412
838,2,9642,Q2,S,0,95,Decid,800,NA,T1,326
839,2,9642,Q3,S,0,151,Decid,462,NA,T1,214
840,2,9642,Q4,S,1,114,Decid,970,NA,T1,128
841,2,8771,Q1,O,0,106,Conf,57,NA,T1,178
843,2,8771,Q3,O,0,108,Conf,57,NA,T1,134
844,2,8771,Q4,O,0,82,Conf,57,NA,T1,289
845,2,8772,Q1,D,0,164,Decid,800,NA,T1,375
846,2,8772,Q2,S,0,85,Decid,970,NA,T1,205
847,2,8772,Q3,S,0,81,Decid,970,NA,T1,214
848,2,8772,Q4,D,1,101,Decid,970,NA,T1,135
849,2,10052,Q1,D,2,49,Decid,462,NA,T1,252
850,2,10052,Q2,D,3,59,Decid,462,NA,T1,348
851,2,10052,Q3,D,4,54,Decid,600,NA,T1,167
852,2,10052,Q4,D,0,69,Decid,462,NA,T1,178
853,2,10051,Q1,D,0,92,Decid,682,NA,T1,298
854,2,10051,Q2,D,0,114,Decid,901,NA,T1,215
855,2,10051,Q3,D,1,88,Decid,901,NA,T1,413
856,2,10051,Q4,D,1,96,Decid,901,NA,T1,141
857,2,9141,Q1,D,3,98,Decid,800,NA,T1,205
860,2,9141,Q4,D,0,106,Decid,540,NA,T1,122
861,2,9142,Q1,S,1,81,Decid,970,NA,T1,109
862,2,9142,Q2,S,1,34,Decid,970,NA,T1,106
863,2,9142,Q3,D,0,100,Decid,970,NA,T1,353
864,2,9142,Q4,D,1,132,Decid,462,NA,T1,250
865,2,9341,Q1,D,4,77,Decid,600,NA,T1,234
866,2,9341,Q2,D,1,32,Decid,462,NA,T1,214
867,2,9341,Q3,D,1,36,Decid,462,NA,T1,261
868,2,9341,Q4,D,1,26,Decid,970,NA,T1,253
869,2,9342,Q1,D,0,17,Decid,462,NA,T1,349
870,2,9342,Q2,D,2,58,Decid,462,NA,T1,343
871,2,9342,Q3,D,1,76,Decid,462,NA,T1,211
872,2,9342,Q4,D,0,86,Decid,462,NA,T1,129
873,2,9091,Q1,D,1,126,Decid,400,NA,T1,120
874,2,9091,Q2,D,3,60,Decid,970,NA,T1,239
875,2,9091,Q3,D,5,28,Decid,970,NA,T1,333
876,2,9091,Q4,D,5,84,Decid,600,NA,T1,313
877,2,9092,Q1,S,4,46,Decid,540,NA,T1,225
878,2,9092,Q2,D,1,26,Decid,970,NA,T1,379
879,2,9092,Q3,D,3,52,Decid,600,NA,T1,371
880,2,9092,Q4,S,3,23,Decid,540,NA,T1,315
881,2,8942,Q1,D,0,34,Decid,310,NA,T1,226
882,2,8942,Q2,D,0,87,Decid,970,NA,T1,350
883,2,8942,Q3,D,1,40,Decid,540,NA,T1,286
884,2,8942,Q4,D,2,43,Decid,540,NA,T1,267
885,2,8941,Q1,S,0,114,Decid,341,NA,T1,162
886,2,8941,Q2,D,3,55,Decid,341,NA,T1,239
887,2,8941,Q3,D,1,52,Decid,341,NA,T1,254
888,2,8941,Q4,S,0,151,Conf,57,NA,T1,344
889,2,9251,Q1,D,1,88,Decid,740,NA,T1,662
890,2,9251,Q2,D,1,57,Decid,310,NA,T1,111
891,2,9251,Q3,D,1,42,Decid,462,NA,T1,284
892,2,9251,Q4,D,1,96,Decid,970,NA,T1,222
893,2,9252,Q1,S,0,165,Decid,970,NA,T1,106
894,2,9252,Q2,S,1,89,Decid,970,NA,T1,111
895,2,9252,Q3,S,2,154,Decid,970,NA,T1,229
896,2,9252,Q4,S,0,64,Decid,970,NA,T1,126
897,2,8842,Q1,D,0,167,Decid,970,NA,T1,185
898,2,8842,Q2,S,0,18,Decid,682,NA,T1,133
899,2,8842,Q3,D,0,68,Decid,970,NA,T1,152
900,2,8842,Q4,D,1,62,Decid,462,NA,T1,175
901,2,8841,Q1,D,0,56,Decid,970,NA,T1,296
902,2,8841,Q2,D,1,41,Decid,600,NA,T1,298
903,2,8841,Q3,S,1,131,Decid,600,NA,T1,264
904,2,8841,Q4,D,3,21,Decid,970,NA,T1,296
905,2,10641,Q1,D,1,58,Decid,462,NA,T1,450
906,2,10641,Q2,D,4,52,Decid,462,NA,T1,334
907,2,10641,Q3,D,1,33,Decid,462,NA,T1,756
908,2,10641,Q4,D,1,180,Decid,682,NA,T1,209
909,2,10642,Q1,S,1,49,Decid,951,NA,T1,326
910,2,10642,Q2,D,3,62,Decid,462,NA,T1,356
911,2,10642,Q3,D,0,37,Decid,462,NA,T1,284
912,2,10642,Q4,D,1,44,Decid,600,NA,T1,200
913,2,9002,Q1,O,0,63,Conf,100,NA,T1,285
914,2,9002,Q2,O,0,99,Decid,540,NA,T1,249
915,2,9002,Q3,O,0,44,Conf,100,NA,T1,335
916,2,9002,Q4,O,0,58,Decid,540,NA,T1,206
917,2,9001,Q1,O,0,91,Conf,100,NA,T1,208
918,2,9001,Q2,O,0,53,Conf,100,NA,T1,378
919,2,9001,Q3,O,0,62,Conf,100,NA,T1,398
920,2,9001,Q4,O,0,106,Conf,100,NA,T1,405
3,16,130381,Q3,D,0,87,Conf,100,NA,T2,503
62,16,131002,Q2,S,0,123,Conf,100,NA,T2,233
92,16,131142,Q4,S,0,105,Conf,100,NA,T2,268
146,16,130622,Q2,S,0,84,Conf,100,NA,T2,260
237,4,29632,Q1,S,5,65,Decid,800,NA,T2,225
269,4,26812,Q1,D,1,190,Decid,800,NA,T2,252
284,4,27931,Q4,D,1,68,Decid,800,NA,T2,226
286,4,27932,Q2,D,3,80,Decid,800,NA,T2,183
287,4,27932,Q3,D,1,81,Decid,800,NA,T2,318
288,4,27932,Q4,D,3,50,Decid,800,NA,T2,310
291,4,26172,Q3,D,2,51,Decid,800,NA,T2,340
300,4,28371,Q4,D,3,104,Decid,800,NA,T2,315
333,4,27092,Q1,D,6,34,Decid,800,NA,T2,264
337,4,26111,Q1,D,11,100,Decid,310,NA,T2,292
340,4,26111,Q4,D,2,156,Decid,310,NA,T2,488
341,4,26112,Q1,D,4,152,Decid,310,NA,T2,270
360,4,26531,Q4,S,4,157,Decid,540,NA,T2,535
416,1,202,Q4,S,0,67,Decid,740,NA,T2,774
421,1,342,Q1,D,3,77,Decid,951,NA,T2,541
428,1,501,Q4,D,2,113,Decid,400,NA,T2,255
500,1,1131,Q4,O,0,208,Decid,920,NA,T2,185
556,3,17341,Q4,D,0,44,Decid,740,NA,T2,583
580,3,17542,Q4,S,0,55,Conf,57,NA,T2,195
642,3,17692,Q2,S,0,68,Decid,641,NA,T2,242
649,3,17852,Q1,O,0,104,Decid,540,NA,T2,253
658,3,18651,Q2,O,7,70,Conf,57,NA,T2,128
708,3,17581,Q4,O,1,87,Decid,540,NA,T2,365
710,3,17582,Q2,S,0,83,Decid,310,NA,T2,225
711,3,17582,Q3,S,1,76,Decid,310,NA,T2,710
723,3,17661,Q3,S,0,68,Conf,57,NA,T2,184
724,3,17661,Q4,S,0,51,Conf,57,NA,T2,84
732,3,19061,Q4,D,4,140,Decid,970,NA,T2,560
761,2,8722,Q1,D,1,113,Decid,970,NA,T2,247
769,2,9581,Q1,D,0,96,Decid,682,NA,T2,90
781,2,8982,Q1,D,3,96,Decid,951,NA,T2,672
783,2,8982,Q3,D,2,75,Decid,970,NA,T2,155
795,2,8861,Q3,S,7,60,Decid,800,NA,T2,376
804,2,8882,Q4,S,1,62,Decid,951,NA,T2,513
818,2,10212,Q2,D,0,43,Decid,682,NA,T2,237
828,2,10122,Q4,O,3,81,Decid,901,NA,T2,268
829,2,10121,Q1,S,0,103,Decid,682,NA,T2,297
840,2,9642,Q4,S,1,114,Decid,970,NA,T2,142
846,2,8772,Q2,S,0,85,Decid,970,NA,T2,205
847,2,8772,Q3,S,0,81,Decid,970,NA,T2,240
860,2,9141,Q4,D,0,106,Decid,540,NA,T2,139
863,2,9142,Q3,D,0,100,Decid,970,NA,T2,404
881,2,8942,Q1,D,0,34,Decid,310,NA,T2,215
897,2,8842,Q1,D,0,167,Decid,970,NA,T2,186
898,2,8842,Q2,S,0,18,Decid,682,NA,T2,84
92,16,131142,Q4,S,0,105,Conf,100,NA,T3,170
237,4,29632,Q1,S,5,65,Decid,800,NA,T3,212
269,4,26812,Q1,D,1,190,Decid,800,NA,T3,316
284,4,27931,Q4,D,1,68,Decid,800,NA,T3,233
286,4,27932,Q2,D,3,80,Decid,800,NA,T3,396
287,4,27932,Q3,D,1,81,Decid,800,NA,T3,325
288,4,27932,Q4,D,3,50,Decid,800,NA,T3,388
291,4,26172,Q3,D,2,51,Decid,800,NA,T3,309
300,4,28371,Q4,D,3,104,Decid,800,NA,T3,393
333,4,27092,Q1,D,6,34,Decid,800,NA,T3,240
337,4,26111,Q1,D,11,100,Decid,310,NA,T3,423
340,4,26111,Q4,D,2,156,Decid,310,NA,T3,477
341,4,26112,Q1,D,4,152,Decid,310,NA,T3,395
500,1,1131,Q4,O,0,208,Decid,920,NA,T3,120
556,3,17341,Q4,D,0,44,Decid,740,NA,T3,339
580,3,17542,Q4,S,0,55,Conf,57,NA,T3,233
711,3,17582,Q3,S,1,76,Decid,310,NA,T3,710
723,3,17661,Q3,S,0,68,Conf,57,NA,T3,172
724,3,17661,Q4,S,0,51,Conf,57,NA,T3,124
761,2,8722,Q1,D,1,113,Decid,970,NA,T3,207
829,2,10121,Q1,S,0,103,Decid,682,NA,T3,221
881,2,8942,Q1,D,0,34,Decid,310,NA,T3,175
92,16,131142,Q4,S,0,105,Conf,100,NA,T4,456
269,4,26812,Q1,D,1,190,Decid,800,NA,T4,235
284,4,27931,Q4,D,1,68,Decid,800,NA,T4,277
286,4,27932,Q2,D,3,80,Decid,800,NA,T4,304
287,4,27932,Q3,D,1,81,Decid,800,NA,T4,316
288,4,27932,Q4,D,3,50,Decid,800,NA,T4,289
291,4,26172,Q3,D,2,51,Decid,800,NA,T4,280
300,4,28371,Q4,D,3,104,Decid,800,NA,T4,293
333,4,27092,Q1,D,6,34,Decid,800,NA,T4,224
340,4,26111,Q4,D,2,156,Decid,310,NA,T4,426
500,1,1131,Q4,O,0,208,Decid,920,NA,T4,575
723,3,17661,Q3,S,0,68,Conf,57,NA,T4,185
829,2,10121,Q1,S,0,103,Decid,682,NA,T4,121
284,4,27931,Q4,D,1,68,Decid,800,NA,T5,261
287,4,27932,Q3,D,1,81,Decid,800,NA,T5,333
291,4,26172,Q3,D,2,51,Decid,800,NA,T5,346
333,4,27092,Q1,D,6,34,Decid,800,NA,T5,262
723,3,17661,Q3,S,0,68,Conf,57,NA,T5,151
829,2,10121,Q1,S,0,103,Decid,682,NA,T5,137
83,16,130432,Q3,O,0,NA,NA,999,NA,T1,NA
84,16,130432,Q4,S,0,NA,NA,999,NA,T1,NA
86,16,130431,Q2,S,0,NA,NA,999,NA,T1,NA
87,16,130431,Q3,O,0,NA,NA,999,NA,T1,NA
88,16,130431,Q4,S,0,NA,NA,999,NA,T1,NA
132,16,130022,Q4,S,0,NA,NA,999,NA,T1,NA
164,16,132101,Q4,O,0,NA,NA,999,NA,T1,NA
196,4,30941,Q4,D,1,NA,NA,999,NA,T1,NA
198,4,30942,Q2,S,0,NA,NA,999,NA,T1,NA
214,4,27572,Q2,O,0,NA,NA,999,NA,T1,NA
226,4,28062,Q2,S,0,NA,NA,999,NA,T1,NA
243,4,28891,Q3,S,0,NA,NA,999,NA,T1,NA
261,4,30212,Q1,S,1,NA,NA,999,NA,T1,NA
264,4,30212,Q4,D,2,NA,NA,999,NA,T1,NA
283,4,27931,Q3,S,0,NA,NA,999,NA,T1,NA
298,4,28371,Q2,O,0,NA,NA,999,NA,T1,NA
302,4,28372,Q2,S,0,NA,NA,999,NA,T1,NA
311,4,26012,Q3,D,3,NA,NA,999,NA,T1,NA
322,4,27261,Q2,O,0,NA,NA,999,NA,T1,NA
323,4,27261,Q3,O,0,NA,NA,999,NA,T1,NA
324,4,27261,Q4,S,1,NA,NA,999,NA,T1,NA
325,4,27262,Q1,S,1,NA,NA,999,NA,T1,NA
326,4,27262,Q2,S,0,NA,NA,999,NA,T1,NA
343,4,26112,Q3,S,0,NA,NA,999,NA,T1,NA
344,4,26112,Q4,S,0,NA,NA,999,NA,T1,NA
350,4,26142,Q2,S,0,NA,NA,999,NA,T1,NA
351,4,26142,Q3,O,0,NA,NA,999,NA,T1,NA
367,4,26752,Q3,S,0,NA,NA,999,NA,T1,NA
373,1,42,Q1,S,0,NA,NA,999,NA,T1,NA
374,1,42,Q2,S,0,NA,NA,999,NA,T1,NA
379,1,92,Q3,S,0,NA,NA,999,NA,T1,NA
382,1,91,Q2,D,0,NA,NA,999,NA,T1,NA
413,1,202,Q1,S,0,NA,NA,999,NA,T1,NA
414,1,202,Q2,S,0,NA,NA,999,NA,T1,NA
434,1,531,Q2,D,0,NA,NA,999,NA,T1,NA
438,1,532,Q2,S,0,NA,NA,999,NA,T1,NA
439,1,532,Q3,S,1,NA,NA,999,NA,T1,NA
441,1,591,Q1,S,0,NA,NA,999,NA,T1,NA
455,1,611,Q3,S,0,NA,NA,999,NA,T1,NA
464,1,662,Q4,S,0,NA,NA,999,NA,T1,NA
474,1,931,Q2,S,2,NA,NA,999,NA,T1,NA
479,1,932,Q3,S,0,NA,NA,999,NA,T1,NA
480,1,932,Q4,S,0,NA,NA,999,NA,T1,NA
499,1,1131,Q3,S,0,NA,NA,999,NA,T1,NA
505,1,1211,Q1,S,0,NA,NA,999,NA,T1,NA
509,1,1212,Q1,D,0,NA,NA,999,NA,T1,NA
520,1,1252,Q4,D,0,NA,NA,999,NA,T1,NA
522,1,1531,Q2,O,0,NA,NA,999,NA,T1,NA
534,1,1552,Q2,S,0,NA,NA,999,NA,T1,NA
553,3,17341,Q1,D,0,NA,NA,999,NA,T1,NA
557,3,17342,Q1,D,0,NA,NA,999,NA,T1,NA
562,3,17811,Q2,S,0,NA,NA,999,NA,T1,NA
563,3,17811,Q3,D,1,NA,NA,999,NA,T1,NA
578,3,17542,Q2,O,0,NA,NA,999,NA,T1,NA
579,3,17542,Q3,O,0,NA,NA,999,NA,T1,NA
585,3,18782,Q1,S,0,NA,NA,999,NA,T1,NA
590,3,18781,Q2,D,0,NA,NA,999,NA,T1,NA
610,3,17502,Q2,S,0,NA,NA,999,NA,T1,NA
637,3,18011,Q1,D,16,NA,NA,999,NA,T1,NA
643,3,17692,Q3,S,0,NA,NA,999,NA,T1,NA
644,3,17692,Q4,O,0,NA,NA,999,NA,T1,NA
651,3,17852,Q3,O,0,NA,NA,999,NA,T1,NA
652,3,17852,Q4,O,0,NA,NA,999,NA,T1,NA
667,3,18172,Q3,S,0,NA,NA,999,NA,T1,NA
684,3,18451,Q4,O,1,NA,NA,999,NA,T1,NA
686,3,18452,Q2,O,0,NA,NA,999,NA,T1,NA
689,3,17302,Q1,O,0,NA,NA,999,NA,T1,NA
692,3,17302,Q4,O,1,NA,NA,999,NA,T1,NA
693,3,17301,Q1,O,0,NA,NA,999,NA,T1,NA
696,3,17301,Q4,O,0,NA,NA,999,NA,T1,NA
719,3,18661,Q3,O,0,NA,NA,999,NA,T1,NA
720,3,18661,Q4,D,0,NA,NA,999,NA,T1,NA
731,3,19061,Q3,D,0,NA,NA,999,NA,T1,NA
745,2,9562,Q1,O,0,NA,NA,999,NA,T1,NA
748,2,9562,Q4,O,0,NA,NA,999,NA,T1,NA
762,2,8722,Q2,O,0,NA,NA,999,NA,T1,NA
766,2,8721,Q2,O,0,NA,NA,999,NA,T1,NA
767,2,8721,Q3,O,0,NA,NA,999,NA,T1,NA
776,2,9582,Q4,D,0,NA,NA,999,NA,T1,NA
816,2,9812,Q4,S,0,NA,NA,999,NA,T1,NA
842,2,8771,Q2,O,0,NA,NA,999,NA,T1,NA
858,2,9141,Q2,S,0,NA,NA,999,NA,T1,NA
859,2,9141,Q3,O,0,NA,NA,999,NA,T1,NA
