samp.loc,TIME_GMT,precip_in,time_cst,precip_cm,date_CST,hour_CST,night,dep_site
13030,2016-06-08 23:00:00,0.02,2016-06-08 18:00:00,0.050800000000000005,2016-06-08,18,2016-06-08,016
13146,2016-06-08 23:00:00,0.02,2016-06-08 18:00:00,0.050800000000000005,2016-06-08,18,2016-06-08,016
13210,2016-06-08 23:00:00,0.02,2016-06-08 18:00:00,0.050800000000000005,2016-06-08,18,2016-06-08,016
13254,2016-06-08 23:00:00,0.02,2016-06-08 18:00:00,0.050800000000000005,2016-06-08,18,2016-06-08,016
13030,2016-06-09 00:00:00,0.04,2016-06-08 19:00:00,0.10160000000000001,2016-06-08,19,2016-06-08,016
13146,2016-06-09 00:00:00,0.04,2016-06-08 19:00:00,0.10160000000000001,2016-06-08,19,2016-06-08,016
13210,2016-06-09 00:00:00,0.04,2016-06-08 19:00:00,0.10160000000000001,2016-06-08,19,2016-06-08,016
13254,2016-06-09 00:00:00,0.04,2016-06-08 19:00:00,0.10160000000000001,2016-06-08,19,2016-06-08,016
12963,2016-06-10 07:00:00,0.02,2016-06-10 02:00:00,0.050800000000000005,2016-06-10,2,2016-06-09,016
12979,2016-06-10 07:00:00,0.02,2016-06-10 02:00:00,0.050800000000000005,2016-06-10,2,2016-06-09,016
13002,2016-06-10 07:00:00,0.02,2016-06-10 02:00:00,0.050800000000000005,2016-06-10,2,2016-06-09,016
13027,2016-06-10 07:00:00,0.02,2016-06-10 02:00:00,0.050800000000000005,2016-06-10,2,2016-06-09,016
13036,2016-06-10 07:00:00,0.02,2016-06-10 02:00:00,0.050800000000000005,2016-06-10,2,2016-06-09,016
13038,2016-06-10 07:00:00,0.02,2016-06-10 02:00:00,0.050800000000000005,2016-06-10,2,2016-06-09,016
13043,2016-06-10 07:00:00,0.02,2016-06-10 02:00:00,0.050800000000000005,2016-06-10,2,2016-06-09,016
13062,2016-06-10 07:00:00,0.02,2016-06-10 02:00:00,0.050800000000000005,2016-06-10,2,2016-06-09,016
13066,2016-06-10 07:00:00,0.02,2016-06-10 02:00:00,0.050800000000000005,2016-06-10,2,2016-06-09,016
13067,2016-06-10 07:00:00,0.02,2016-06-10 02:00:00,0.050800000000000005,2016-06-10,2,2016-06-09,016
13091,2016-06-10 07:00:00,0.02,2016-06-10 02:00:00,0.050800000000000005,2016-06-10,2,2016-06-09,016
13094,2016-06-10 07:00:00,0.02,2016-06-10 02:00:00,0.050800000000000005,2016-06-10,2,2016-06-09,016
13100,2016-06-10 07:00:00,0.02,2016-06-10 02:00:00,0.050800000000000005,2016-06-10,2,2016-06-09,016
13114,2016-06-10 07:00:00,0.02,2016-06-10 02:00:00,0.050800000000000005,2016-06-10,2,2016-06-09,016
13126,2016-06-10 07:00:00,0.02,2016-06-10 02:00:00,0.050800000000000005,2016-06-10,2,2016-06-09,016
13130,2016-06-10 07:00:00,0.02,2016-06-10 02:00:00,0.050800000000000005,2016-06-10,2,2016-06-09,016
13194,2016-06-10 07:00:00,0.02,2016-06-10 02:00:00,0.050800000000000005,2016-06-10,2,2016-06-09,016
13251,2016-06-10 07:00:00,0.02,2016-06-10 02:00:00,0.050800000000000005,2016-06-10,2,2016-06-09,016
13267,2016-06-10 07:00:00,0.02,2016-06-10 02:00:00,0.050800000000000005,2016-06-10,2,2016-06-09,016
12963,2016-06-13 04:00:00,0.01,2016-06-12 23:00:00,0.025400000000000002,2016-06-12,23,2016-06-12,016
12979,2016-06-13 04:00:00,0.01,2016-06-12 23:00:00,0.025400000000000002,2016-06-12,23,2016-06-12,016
13002,2016-06-13 04:00:00,0.01,2016-06-12 23:00:00,0.025400000000000002,2016-06-12,23,2016-06-12,016
13027,2016-06-13 04:00:00,0.01,2016-06-12 23:00:00,0.025400000000000002,2016-06-12,23,2016-06-12,016
13036,2016-06-13 04:00:00,0.01,2016-06-12 23:00:00,0.025400000000000002,2016-06-12,23,2016-06-12,016
13038,2016-06-13 04:00:00,0.01,2016-06-12 23:00:00,0.025400000000000002,2016-06-12,23,2016-06-12,016
13043,2016-06-13 04:00:00,0.01,2016-06-12 23:00:00,0.025400000000000002,2016-06-12,23,2016-06-12,016
13062,2016-06-13 04:00:00,0.01,2016-06-12 23:00:00,0.025400000000000002,2016-06-12,23,2016-06-12,016
13066,2016-06-13 04:00:00,0.01,2016-06-12 23:00:00,0.025400000000000002,2016-06-12,23,2016-06-12,016
13067,2016-06-13 04:00:00,0.01,2016-06-12 23:00:00,0.025400000000000002,2016-06-12,23,2016-06-12,016
13091,2016-06-13 04:00:00,0.01,2016-06-12 23:00:00,0.025400000000000002,2016-06-12,23,2016-06-12,016
13094,2016-06-13 04:00:00,0.01,2016-06-12 23:00:00,0.025400000000000002,2016-06-12,23,2016-06-12,016
13100,2016-06-13 04:00:00,0.01,2016-06-12 23:00:00,0.025400000000000002,2016-06-12,23,2016-06-12,016
13114,2016-06-13 04:00:00,0.01,2016-06-12 23:00:00,0.025400000000000002,2016-06-12,23,2016-06-12,016
13126,2016-06-13 04:00:00,0.01,2016-06-12 23:00:00,0.025400000000000002,2016-06-12,23,2016-06-12,016
13130,2016-06-13 04:00:00,0.01,2016-06-12 23:00:00,0.025400000000000002,2016-06-12,23,2016-06-12,016
13194,2016-06-13 04:00:00,0.01,2016-06-12 23:00:00,0.025400000000000002,2016-06-12,23,2016-06-12,016
13251,2016-06-13 04:00:00,0.01,2016-06-12 23:00:00,0.025400000000000002,2016-06-12,23,2016-06-12,016
13267,2016-06-13 04:00:00,0.01,2016-06-12 23:00:00,0.025400000000000002,2016-06-12,23,2016-06-12,016
13030,2016-06-13 04:00:00,0.01,2016-06-12 23:00:00,0.025400000000000002,2016-06-12,23,2016-06-12,016
13146,2016-06-13 04:00:00,0.01,2016-06-12 23:00:00,0.025400000000000002,2016-06-12,23,2016-06-12,016
13210,2016-06-13 04:00:00,0.01,2016-06-12 23:00:00,0.025400000000000002,2016-06-12,23,2016-06-12,016
13254,2016-06-13 04:00:00,0.01,2016-06-12 23:00:00,0.025400000000000002,2016-06-12,23,2016-06-12,016
02595,2016-06-18 04:00:00,0.32,2016-06-17 23:00:00,0.8128000000000001,2016-06-17,23,2016-06-17,004
02675,2016-06-18 04:00:00,0.32,2016-06-17 23:00:00,0.8128000000000001,2016-06-17,23,2016-06-17,004
02718,2016-06-18 04:00:00,0.32,2016-06-17 23:00:00,0.8128000000000001,2016-06-17,23,2016-06-17,004
02739,2016-06-18 04:00:00,0.32,2016-06-17 23:00:00,0.8128000000000001,2016-06-17,23,2016-06-17,004
02611,2016-06-18 04:00:00,0.21,2016-06-17 23:00:00,0.5334,2016-06-17,23,2016-06-17,004
02653,2016-06-18 04:00:00,0.21,2016-06-17 23:00:00,0.5334,2016-06-17,23,2016-06-17,004
02681,2016-06-18 04:00:00,0.21,2016-06-17 23:00:00,0.5334,2016-06-17,23,2016-06-17,004
02709,2016-06-18 04:00:00,0.21,2016-06-17 23:00:00,0.5334,2016-06-17,23,2016-06-17,004
02745,2016-06-18 04:00:00,0.21,2016-06-17 23:00:00,0.5334,2016-06-17,23,2016-06-17,004
02757,2016-06-18 04:00:00,0.21,2016-06-17 23:00:00,0.5334,2016-06-17,23,2016-06-17,004
02837,2016-06-18 04:00:00,0.21,2016-06-17 23:00:00,0.5334,2016-06-17,23,2016-06-17,004
02963,2016-06-18 04:00:00,0.21,2016-06-17 23:00:00,0.5334,2016-06-17,23,2016-06-17,004
03021,2016-06-18 04:00:00,0.21,2016-06-17 23:00:00,0.5334,2016-06-17,23,2016-06-17,004
02601,2016-06-18 04:00:00,0.09,2016-06-17 23:00:00,0.2286,2016-06-17,23,2016-06-17,004
02614,2016-06-18 04:00:00,0.09,2016-06-17 23:00:00,0.2286,2016-06-17,23,2016-06-17,004
02617,2016-06-18 04:00:00,0.09,2016-06-17 23:00:00,0.2286,2016-06-17,23,2016-06-17,004
02678,2016-06-18 04:00:00,0.09,2016-06-17 23:00:00,0.2286,2016-06-17,23,2016-06-17,004
02726,2016-06-18 04:00:00,0.09,2016-06-17 23:00:00,0.2286,2016-06-17,23,2016-06-17,004
02793,2016-06-18 04:00:00,0.09,2016-06-17 23:00:00,0.2286,2016-06-17,23,2016-06-17,004
02806,2016-06-18 04:00:00,0.09,2016-06-17 23:00:00,0.2286,2016-06-17,23,2016-06-17,004
02889,2016-06-18 04:00:00,0.09,2016-06-17 23:00:00,0.2286,2016-06-17,23,2016-06-17,004
03094,2016-06-18 04:00:00,0.09,2016-06-17 23:00:00,0.2286,2016-06-17,23,2016-06-17,004
02696,2016-06-18 04:00:00,0.11,2016-06-17 23:00:00,0.2794,2016-06-17,23,2016-06-17,004
02595,2016-06-18 05:00:00,1.05,2016-06-18 00:00:00,2.6670000000000003,2016-06-18,0,2016-06-17,004
02675,2016-06-18 05:00:00,1.05,2016-06-18 00:00:00,2.6670000000000003,2016-06-18,0,2016-06-17,004
02718,2016-06-18 05:00:00,1.05,2016-06-18 00:00:00,2.6670000000000003,2016-06-18,0,2016-06-17,004
02739,2016-06-18 05:00:00,1.05,2016-06-18 00:00:00,2.6670000000000003,2016-06-18,0,2016-06-17,004
02611,2016-06-18 05:00:00,1.36,2016-06-18 00:00:00,3.4544,2016-06-18,0,2016-06-17,004
02653,2016-06-18 05:00:00,1.36,2016-06-18 00:00:00,3.4544,2016-06-18,0,2016-06-17,004
02681,2016-06-18 05:00:00,1.36,2016-06-18 00:00:00,3.4544,2016-06-18,0,2016-06-17,004
02709,2016-06-18 05:00:00,1.36,2016-06-18 00:00:00,3.4544,2016-06-18,0,2016-06-17,004
02745,2016-06-18 05:00:00,1.36,2016-06-18 00:00:00,3.4544,2016-06-18,0,2016-06-17,004
02757,2016-06-18 05:00:00,1.36,2016-06-18 00:00:00,3.4544,2016-06-18,0,2016-06-17,004
02837,2016-06-18 05:00:00,1.36,2016-06-18 00:00:00,3.4544,2016-06-18,0,2016-06-17,004
02963,2016-06-18 05:00:00,1.36,2016-06-18 00:00:00,3.4544,2016-06-18,0,2016-06-17,004
03021,2016-06-18 05:00:00,1.36,2016-06-18 00:00:00,3.4544,2016-06-18,0,2016-06-17,004
02601,2016-06-18 05:00:00,1.34,2016-06-18 00:00:00,3.4036000000000004,2016-06-18,0,2016-06-17,004
02614,2016-06-18 05:00:00,1.34,2016-06-18 00:00:00,3.4036000000000004,2016-06-18,0,2016-06-17,004
02617,2016-06-18 05:00:00,1.34,2016-06-18 00:00:00,3.4036000000000004,2016-06-18,0,2016-06-17,004
02678,2016-06-18 05:00:00,1.34,2016-06-18 00:00:00,3.4036000000000004,2016-06-18,0,2016-06-17,004
02726,2016-06-18 05:00:00,1.34,2016-06-18 00:00:00,3.4036000000000004,2016-06-18,0,2016-06-17,004
02793,2016-06-18 05:00:00,1.34,2016-06-18 00:00:00,3.4036000000000004,2016-06-18,0,2016-06-17,004
02806,2016-06-18 05:00:00,1.34,2016-06-18 00:00:00,3.4036000000000004,2016-06-18,0,2016-06-17,004
02889,2016-06-18 05:00:00,1.34,2016-06-18 00:00:00,3.4036000000000004,2016-06-18,0,2016-06-17,004
03094,2016-06-18 05:00:00,1.34,2016-06-18 00:00:00,3.4036000000000004,2016-06-18,0,2016-06-17,004
02696,2016-06-18 05:00:00,1.1,2016-06-18 00:00:00,2.7940000000000005,2016-06-18,0,2016-06-17,004
02595,2016-06-18 06:00:00,0.04,2016-06-18 01:00:00,0.10160000000000001,2016-06-18,1,2016-06-17,004
02675,2016-06-18 06:00:00,0.04,2016-06-18 01:00:00,0.10160000000000001,2016-06-18,1,2016-06-17,004
02718,2016-06-18 06:00:00,0.04,2016-06-18 01:00:00,0.10160000000000001,2016-06-18,1,2016-06-17,004
02739,2016-06-18 06:00:00,0.04,2016-06-18 01:00:00,0.10160000000000001,2016-06-18,1,2016-06-17,004
02611,2016-06-18 06:00:00,0.06,2016-06-18 01:00:00,0.1524,2016-06-18,1,2016-06-17,004
02653,2016-06-18 06:00:00,0.06,2016-06-18 01:00:00,0.1524,2016-06-18,1,2016-06-17,004
02681,2016-06-18 06:00:00,0.06,2016-06-18 01:00:00,0.1524,2016-06-18,1,2016-06-17,004
02709,2016-06-18 06:00:00,0.06,2016-06-18 01:00:00,0.1524,2016-06-18,1,2016-06-17,004
02745,2016-06-18 06:00:00,0.06,2016-06-18 01:00:00,0.1524,2016-06-18,1,2016-06-17,004
02757,2016-06-18 06:00:00,0.06,2016-06-18 01:00:00,0.1524,2016-06-18,1,2016-06-17,004
02837,2016-06-18 06:00:00,0.06,2016-06-18 01:00:00,0.1524,2016-06-18,1,2016-06-17,004
02963,2016-06-18 06:00:00,0.06,2016-06-18 01:00:00,0.1524,2016-06-18,1,2016-06-17,004
03021,2016-06-18 06:00:00,0.06,2016-06-18 01:00:00,0.1524,2016-06-18,1,2016-06-17,004
02601,2016-06-18 06:00:00,0.06,2016-06-18 01:00:00,0.1524,2016-06-18,1,2016-06-17,004
02614,2016-06-18 06:00:00,0.06,2016-06-18 01:00:00,0.1524,2016-06-18,1,2016-06-17,004
02617,2016-06-18 06:00:00,0.06,2016-06-18 01:00:00,0.1524,2016-06-18,1,2016-06-17,004
02678,2016-06-18 06:00:00,0.06,2016-06-18 01:00:00,0.1524,2016-06-18,1,2016-06-17,004
02726,2016-06-18 06:00:00,0.06,2016-06-18 01:00:00,0.1524,2016-06-18,1,2016-06-17,004
02793,2016-06-18 06:00:00,0.06,2016-06-18 01:00:00,0.1524,2016-06-18,1,2016-06-17,004
02806,2016-06-18 06:00:00,0.06,2016-06-18 01:00:00,0.1524,2016-06-18,1,2016-06-17,004
02889,2016-06-18 06:00:00,0.06,2016-06-18 01:00:00,0.1524,2016-06-18,1,2016-06-17,004
03094,2016-06-18 06:00:00,0.06,2016-06-18 01:00:00,0.1524,2016-06-18,1,2016-06-17,004
02696,2016-06-18 06:00:00,0.09,2016-06-18 01:00:00,0.2286,2016-06-18,1,2016-06-17,004
02696,2016-06-18 07:00:00,0.03,2016-06-18 02:00:00,0.0762,2016-06-18,2,2016-06-17,004
02601,2016-06-22 06:00:00,0.01,2016-06-22 01:00:00,0.025400000000000002,2016-06-22,1,2016-06-21,004
02614,2016-06-22 06:00:00,0.01,2016-06-22 01:00:00,0.025400000000000002,2016-06-22,1,2016-06-21,004
02617,2016-06-22 06:00:00,0.01,2016-06-22 01:00:00,0.025400000000000002,2016-06-22,1,2016-06-21,004
02678,2016-06-22 06:00:00,0.01,2016-06-22 01:00:00,0.025400000000000002,2016-06-22,1,2016-06-21,004
02726,2016-06-22 06:00:00,0.01,2016-06-22 01:00:00,0.025400000000000002,2016-06-22,1,2016-06-21,004
02793,2016-06-22 06:00:00,0.01,2016-06-22 01:00:00,0.025400000000000002,2016-06-22,1,2016-06-21,004
02806,2016-06-22 06:00:00,0.01,2016-06-22 01:00:00,0.025400000000000002,2016-06-22,1,2016-06-21,004
02889,2016-06-22 06:00:00,0.01,2016-06-22 01:00:00,0.025400000000000002,2016-06-22,1,2016-06-21,004
03094,2016-06-22 06:00:00,0.01,2016-06-22 01:00:00,0.025400000000000002,2016-06-22,1,2016-06-21,004
02696,2016-06-22 06:00:00,0.01,2016-06-22 01:00:00,0.025400000000000002,2016-06-22,1,2016-06-21,004
02595,2016-06-22 07:00:00,0.04,2016-06-22 02:00:00,0.10160000000000001,2016-06-22,2,2016-06-21,004
02675,2016-06-22 07:00:00,0.04,2016-06-22 02:00:00,0.10160000000000001,2016-06-22,2,2016-06-21,004
02718,2016-06-22 07:00:00,0.04,2016-06-22 02:00:00,0.10160000000000001,2016-06-22,2,2016-06-21,004
02739,2016-06-22 07:00:00,0.04,2016-06-22 02:00:00,0.10160000000000001,2016-06-22,2,2016-06-21,004
02611,2016-06-22 07:00:00,0.03,2016-06-22 02:00:00,0.0762,2016-06-22,2,2016-06-21,004
02653,2016-06-22 07:00:00,0.03,2016-06-22 02:00:00,0.0762,2016-06-22,2,2016-06-21,004
02681,2016-06-22 07:00:00,0.03,2016-06-22 02:00:00,0.0762,2016-06-22,2,2016-06-21,004
02709,2016-06-22 07:00:00,0.03,2016-06-22 02:00:00,0.0762,2016-06-22,2,2016-06-21,004
02745,2016-06-22 07:00:00,0.03,2016-06-22 02:00:00,0.0762,2016-06-22,2,2016-06-21,004
02757,2016-06-22 07:00:00,0.03,2016-06-22 02:00:00,0.0762,2016-06-22,2,2016-06-21,004
02837,2016-06-22 07:00:00,0.03,2016-06-22 02:00:00,0.0762,2016-06-22,2,2016-06-21,004
02963,2016-06-22 07:00:00,0.03,2016-06-22 02:00:00,0.0762,2016-06-22,2,2016-06-21,004
03021,2016-06-22 07:00:00,0.03,2016-06-22 02:00:00,0.0762,2016-06-22,2,2016-06-21,004
02601,2016-06-22 07:00:00,0.05,2016-06-22 02:00:00,0.127,2016-06-22,2,2016-06-21,004
02614,2016-06-22 07:00:00,0.05,2016-06-22 02:00:00,0.127,2016-06-22,2,2016-06-21,004
02617,2016-06-22 07:00:00,0.05,2016-06-22 02:00:00,0.127,2016-06-22,2,2016-06-21,004
02678,2016-06-22 07:00:00,0.05,2016-06-22 02:00:00,0.127,2016-06-22,2,2016-06-21,004
02726,2016-06-22 07:00:00,0.05,2016-06-22 02:00:00,0.127,2016-06-22,2,2016-06-21,004
02793,2016-06-22 07:00:00,0.05,2016-06-22 02:00:00,0.127,2016-06-22,2,2016-06-21,004
02806,2016-06-22 07:00:00,0.05,2016-06-22 02:00:00,0.127,2016-06-22,2,2016-06-21,004
02889,2016-06-22 07:00:00,0.05,2016-06-22 02:00:00,0.127,2016-06-22,2,2016-06-21,004
03094,2016-06-22 07:00:00,0.05,2016-06-22 02:00:00,0.127,2016-06-22,2,2016-06-21,004
02696,2016-06-22 07:00:00,0.03,2016-06-22 02:00:00,0.0762,2016-06-22,2,2016-06-21,004
02595,2016-06-25 14:00:00,0.02,2016-06-25 09:00:00,0.050800000000000005,2016-06-25,9,2016-06-24,004
02675,2016-06-25 14:00:00,0.02,2016-06-25 09:00:00,0.050800000000000005,2016-06-25,9,2016-06-24,004
02718,2016-06-25 14:00:00,0.02,2016-06-25 09:00:00,0.050800000000000005,2016-06-25,9,2016-06-24,004
02739,2016-06-25 14:00:00,0.02,2016-06-25 09:00:00,0.050800000000000005,2016-06-25,9,2016-06-24,004
02611,2016-06-25 14:00:00,0.07,2016-06-25 09:00:00,0.1778,2016-06-25,9,2016-06-24,004
02653,2016-06-25 14:00:00,0.07,2016-06-25 09:00:00,0.1778,2016-06-25,9,2016-06-24,004
02681,2016-06-25 14:00:00,0.07,2016-06-25 09:00:00,0.1778,2016-06-25,9,2016-06-24,004
02709,2016-06-25 14:00:00,0.07,2016-06-25 09:00:00,0.1778,2016-06-25,9,2016-06-24,004
02745,2016-06-25 14:00:00,0.07,2016-06-25 09:00:00,0.1778,2016-06-25,9,2016-06-24,004
02757,2016-06-25 14:00:00,0.07,2016-06-25 09:00:00,0.1778,2016-06-25,9,2016-06-24,004
02837,2016-06-25 14:00:00,0.07,2016-06-25 09:00:00,0.1778,2016-06-25,9,2016-06-24,004
02963,2016-06-25 14:00:00,0.07,2016-06-25 09:00:00,0.1778,2016-06-25,9,2016-06-24,004
03021,2016-06-25 14:00:00,0.07,2016-06-25 09:00:00,0.1778,2016-06-25,9,2016-06-24,004
02601,2016-06-25 14:00:00,0.01,2016-06-25 09:00:00,0.025400000000000002,2016-06-25,9,2016-06-24,004
02614,2016-06-25 14:00:00,0.01,2016-06-25 09:00:00,0.025400000000000002,2016-06-25,9,2016-06-24,004
02617,2016-06-25 14:00:00,0.01,2016-06-25 09:00:00,0.025400000000000002,2016-06-25,9,2016-06-24,004
02678,2016-06-25 14:00:00,0.01,2016-06-25 09:00:00,0.025400000000000002,2016-06-25,9,2016-06-24,004
02726,2016-06-25 14:00:00,0.01,2016-06-25 09:00:00,0.025400000000000002,2016-06-25,9,2016-06-24,004
02793,2016-06-25 14:00:00,0.01,2016-06-25 09:00:00,0.025400000000000002,2016-06-25,9,2016-06-24,004
02806,2016-06-25 14:00:00,0.01,2016-06-25 09:00:00,0.025400000000000002,2016-06-25,9,2016-06-24,004
02889,2016-06-25 14:00:00,0.01,2016-06-25 09:00:00,0.025400000000000002,2016-06-25,9,2016-06-24,004
03094,2016-06-25 14:00:00,0.01,2016-06-25 09:00:00,0.025400000000000002,2016-06-25,9,2016-06-24,004
02696,2016-06-25 14:00:00,0.07,2016-06-25 09:00:00,0.1778,2016-06-25,9,2016-06-24,004
02601,2016-06-27 05:00:00,0.02,2016-06-27 00:00:00,0.050800000000000005,2016-06-27,0,2016-06-26,004
02614,2016-06-27 05:00:00,0.02,2016-06-27 00:00:00,0.050800000000000005,2016-06-27,0,2016-06-26,004
02617,2016-06-27 05:00:00,0.02,2016-06-27 00:00:00,0.050800000000000005,2016-06-27,0,2016-06-26,004
02678,2016-06-27 05:00:00,0.02,2016-06-27 00:00:00,0.050800000000000005,2016-06-27,0,2016-06-26,004
02726,2016-06-27 05:00:00,0.02,2016-06-27 00:00:00,0.050800000000000005,2016-06-27,0,2016-06-26,004
02793,2016-06-27 05:00:00,0.02,2016-06-27 00:00:00,0.050800000000000005,2016-06-27,0,2016-06-26,004
02806,2016-06-27 05:00:00,0.02,2016-06-27 00:00:00,0.050800000000000005,2016-06-27,0,2016-06-26,004
02889,2016-06-27 05:00:00,0.02,2016-06-27 00:00:00,0.050800000000000005,2016-06-27,0,2016-06-26,004
03094,2016-06-27 05:00:00,0.02,2016-06-27 00:00:00,0.050800000000000005,2016-06-27,0,2016-06-26,004
02601,2016-06-27 06:00:00,0.02,2016-06-27 01:00:00,0.050800000000000005,2016-06-27,1,2016-06-26,004
02614,2016-06-27 06:00:00,0.02,2016-06-27 01:00:00,0.050800000000000005,2016-06-27,1,2016-06-26,004
02617,2016-06-27 06:00:00,0.02,2016-06-27 01:00:00,0.050800000000000005,2016-06-27,1,2016-06-26,004
02678,2016-06-27 06:00:00,0.02,2016-06-27 01:00:00,0.050800000000000005,2016-06-27,1,2016-06-26,004
02726,2016-06-27 06:00:00,0.02,2016-06-27 01:00:00,0.050800000000000005,2016-06-27,1,2016-06-26,004
02793,2016-06-27 06:00:00,0.02,2016-06-27 01:00:00,0.050800000000000005,2016-06-27,1,2016-06-26,004
02806,2016-06-27 06:00:00,0.02,2016-06-27 01:00:00,0.050800000000000005,2016-06-27,1,2016-06-26,004
02889,2016-06-27 06:00:00,0.02,2016-06-27 01:00:00,0.050800000000000005,2016-06-27,1,2016-06-26,004
03094,2016-06-27 06:00:00,0.02,2016-06-27 01:00:00,0.050800000000000005,2016-06-27,1,2016-06-26,004
02696,2016-06-27 06:00:00,0.03,2016-06-27 01:00:00,0.0762,2016-06-27,1,2016-06-26,004
02595,2016-06-27 15:00:00,0.11,2016-06-27 10:00:00,0.2794,2016-06-27,10,2016-06-26,004
02675,2016-06-27 15:00:00,0.11,2016-06-27 10:00:00,0.2794,2016-06-27,10,2016-06-26,004
02718,2016-06-27 15:00:00,0.11,2016-06-27 10:00:00,0.2794,2016-06-27,10,2016-06-26,004
02739,2016-06-27 15:00:00,0.11,2016-06-27 10:00:00,0.2794,2016-06-27,10,2016-06-26,004
02611,2016-06-27 15:00:00,0.1,2016-06-27 10:00:00,0.254,2016-06-27,10,2016-06-26,004
02653,2016-06-27 15:00:00,0.1,2016-06-27 10:00:00,0.254,2016-06-27,10,2016-06-26,004
02681,2016-06-27 15:00:00,0.1,2016-06-27 10:00:00,0.254,2016-06-27,10,2016-06-26,004
02709,2016-06-27 15:00:00,0.1,2016-06-27 10:00:00,0.254,2016-06-27,10,2016-06-26,004
02745,2016-06-27 15:00:00,0.1,2016-06-27 10:00:00,0.254,2016-06-27,10,2016-06-26,004
02757,2016-06-27 15:00:00,0.1,2016-06-27 10:00:00,0.254,2016-06-27,10,2016-06-26,004
02837,2016-06-27 15:00:00,0.1,2016-06-27 10:00:00,0.254,2016-06-27,10,2016-06-26,004
02963,2016-06-27 15:00:00,0.1,2016-06-27 10:00:00,0.254,2016-06-27,10,2016-06-26,004
03021,2016-06-27 15:00:00,0.1,2016-06-27 10:00:00,0.254,2016-06-27,10,2016-06-26,004
02601,2016-06-27 15:00:00,0.11,2016-06-27 10:00:00,0.2794,2016-06-27,10,2016-06-26,004
02614,2016-06-27 15:00:00,0.11,2016-06-27 10:00:00,0.2794,2016-06-27,10,2016-06-26,004
02617,2016-06-27 15:00:00,0.11,2016-06-27 10:00:00,0.2794,2016-06-27,10,2016-06-26,004
02678,2016-06-27 15:00:00,0.11,2016-06-27 10:00:00,0.2794,2016-06-27,10,2016-06-26,004
02726,2016-06-27 15:00:00,0.11,2016-06-27 10:00:00,0.2794,2016-06-27,10,2016-06-26,004
02793,2016-06-27 15:00:00,0.11,2016-06-27 10:00:00,0.2794,2016-06-27,10,2016-06-26,004
02806,2016-06-27 15:00:00,0.11,2016-06-27 10:00:00,0.2794,2016-06-27,10,2016-06-26,004
02889,2016-06-27 15:00:00,0.11,2016-06-27 10:00:00,0.2794,2016-06-27,10,2016-06-26,004
03094,2016-06-27 15:00:00,0.11,2016-06-27 10:00:00,0.2794,2016-06-27,10,2016-06-26,004
02696,2016-06-27 15:00:00,0.11,2016-06-27 10:00:00,0.2794,2016-06-27,10,2016-06-26,004
02595,2016-06-27 16:00:00,0.05,2016-06-27 11:00:00,0.127,2016-06-27,11,2016-06-26,004
02675,2016-06-27 16:00:00,0.05,2016-06-27 11:00:00,0.127,2016-06-27,11,2016-06-26,004
02718,2016-06-27 16:00:00,0.05,2016-06-27 11:00:00,0.127,2016-06-27,11,2016-06-26,004
02739,2016-06-27 16:00:00,0.05,2016-06-27 11:00:00,0.127,2016-06-27,11,2016-06-26,004
02611,2016-06-27 16:00:00,0.06,2016-06-27 11:00:00,0.1524,2016-06-27,11,2016-06-26,004
02653,2016-06-27 16:00:00,0.06,2016-06-27 11:00:00,0.1524,2016-06-27,11,2016-06-26,004
02681,2016-06-27 16:00:00,0.06,2016-06-27 11:00:00,0.1524,2016-06-27,11,2016-06-26,004
02709,2016-06-27 16:00:00,0.06,2016-06-27 11:00:00,0.1524,2016-06-27,11,2016-06-26,004
02745,2016-06-27 16:00:00,0.06,2016-06-27 11:00:00,0.1524,2016-06-27,11,2016-06-26,004
02757,2016-06-27 16:00:00,0.06,2016-06-27 11:00:00,0.1524,2016-06-27,11,2016-06-26,004
02837,2016-06-27 16:00:00,0.06,2016-06-27 11:00:00,0.1524,2016-06-27,11,2016-06-26,004
02963,2016-06-27 16:00:00,0.06,2016-06-27 11:00:00,0.1524,2016-06-27,11,2016-06-26,004
03021,2016-06-27 16:00:00,0.06,2016-06-27 11:00:00,0.1524,2016-06-27,11,2016-06-26,004
02601,2016-06-27 16:00:00,0.06,2016-06-27 11:00:00,0.1524,2016-06-27,11,2016-06-26,004
02614,2016-06-27 16:00:00,0.06,2016-06-27 11:00:00,0.1524,2016-06-27,11,2016-06-26,004
02617,2016-06-27 16:00:00,0.06,2016-06-27 11:00:00,0.1524,2016-06-27,11,2016-06-26,004
02678,2016-06-27 16:00:00,0.06,2016-06-27 11:00:00,0.1524,2016-06-27,11,2016-06-26,004
02726,2016-06-27 16:00:00,0.06,2016-06-27 11:00:00,0.1524,2016-06-27,11,2016-06-26,004
02793,2016-06-27 16:00:00,0.06,2016-06-27 11:00:00,0.1524,2016-06-27,11,2016-06-26,004
02806,2016-06-27 16:00:00,0.06,2016-06-27 11:00:00,0.1524,2016-06-27,11,2016-06-26,004
02889,2016-06-27 16:00:00,0.06,2016-06-27 11:00:00,0.1524,2016-06-27,11,2016-06-26,004
03094,2016-06-27 16:00:00,0.06,2016-06-27 11:00:00,0.1524,2016-06-27,11,2016-06-26,004
02696,2016-06-27 16:00:00,0.07,2016-06-27 11:00:00,0.1778,2016-06-27,11,2016-06-26,004
02595,2016-06-27 17:00:00,0.08,2016-06-27 12:00:00,0.20320000000000002,2016-06-27,12,2016-06-27,004
02675,2016-06-27 17:00:00,0.08,2016-06-27 12:00:00,0.20320000000000002,2016-06-27,12,2016-06-27,004
02718,2016-06-27 17:00:00,0.08,2016-06-27 12:00:00,0.20320000000000002,2016-06-27,12,2016-06-27,004
02739,2016-06-27 17:00:00,0.08,2016-06-27 12:00:00,0.20320000000000002,2016-06-27,12,2016-06-27,004
02611,2016-06-27 17:00:00,0.05,2016-06-27 12:00:00,0.127,2016-06-27,12,2016-06-27,004
02653,2016-06-27 17:00:00,0.05,2016-06-27 12:00:00,0.127,2016-06-27,12,2016-06-27,004
02681,2016-06-27 17:00:00,0.05,2016-06-27 12:00:00,0.127,2016-06-27,12,2016-06-27,004
02709,2016-06-27 17:00:00,0.05,2016-06-27 12:00:00,0.127,2016-06-27,12,2016-06-27,004
02745,2016-06-27 17:00:00,0.05,2016-06-27 12:00:00,0.127,2016-06-27,12,2016-06-27,004
02757,2016-06-27 17:00:00,0.05,2016-06-27 12:00:00,0.127,2016-06-27,12,2016-06-27,004
02837,2016-06-27 17:00:00,0.05,2016-06-27 12:00:00,0.127,2016-06-27,12,2016-06-27,004
02963,2016-06-27 17:00:00,0.05,2016-06-27 12:00:00,0.127,2016-06-27,12,2016-06-27,004
03021,2016-06-27 17:00:00,0.05,2016-06-27 12:00:00,0.127,2016-06-27,12,2016-06-27,004
02601,2016-06-27 17:00:00,0.01,2016-06-27 12:00:00,0.025400000000000002,2016-06-27,12,2016-06-27,004
02614,2016-06-27 17:00:00,0.01,2016-06-27 12:00:00,0.025400000000000002,2016-06-27,12,2016-06-27,004
02617,2016-06-27 17:00:00,0.01,2016-06-27 12:00:00,0.025400000000000002,2016-06-27,12,2016-06-27,004
02678,2016-06-27 17:00:00,0.01,2016-06-27 12:00:00,0.025400000000000002,2016-06-27,12,2016-06-27,004
02726,2016-06-27 17:00:00,0.01,2016-06-27 12:00:00,0.025400000000000002,2016-06-27,12,2016-06-27,004
02793,2016-06-27 17:00:00,0.01,2016-06-27 12:00:00,0.025400000000000002,2016-06-27,12,2016-06-27,004
02806,2016-06-27 17:00:00,0.01,2016-06-27 12:00:00,0.025400000000000002,2016-06-27,12,2016-06-27,004
02889,2016-06-27 17:00:00,0.01,2016-06-27 12:00:00,0.025400000000000002,2016-06-27,12,2016-06-27,004
03094,2016-06-27 17:00:00,0.01,2016-06-27 12:00:00,0.025400000000000002,2016-06-27,12,2016-06-27,004
02696,2016-06-27 17:00:00,0.02,2016-06-27 12:00:00,0.050800000000000005,2016-06-27,12,2016-06-27,004
02595,2016-06-27 18:00:00,0.03,2016-06-27 13:00:00,0.0762,2016-06-27,13,2016-06-27,004
02675,2016-06-27 18:00:00,0.03,2016-06-27 13:00:00,0.0762,2016-06-27,13,2016-06-27,004
02718,2016-06-27 18:00:00,0.03,2016-06-27 13:00:00,0.0762,2016-06-27,13,2016-06-27,004
02739,2016-06-27 18:00:00,0.03,2016-06-27 13:00:00,0.0762,2016-06-27,13,2016-06-27,004
02611,2016-06-27 18:00:00,0.03,2016-06-27 13:00:00,0.0762,2016-06-27,13,2016-06-27,004
02653,2016-06-27 18:00:00,0.03,2016-06-27 13:00:00,0.0762,2016-06-27,13,2016-06-27,004
02681,2016-06-27 18:00:00,0.03,2016-06-27 13:00:00,0.0762,2016-06-27,13,2016-06-27,004
02709,2016-06-27 18:00:00,0.03,2016-06-27 13:00:00,0.0762,2016-06-27,13,2016-06-27,004
02745,2016-06-27 18:00:00,0.03,2016-06-27 13:00:00,0.0762,2016-06-27,13,2016-06-27,004
02757,2016-06-27 18:00:00,0.03,2016-06-27 13:00:00,0.0762,2016-06-27,13,2016-06-27,004
02837,2016-06-27 18:00:00,0.03,2016-06-27 13:00:00,0.0762,2016-06-27,13,2016-06-27,004
02963,2016-06-27 18:00:00,0.03,2016-06-27 13:00:00,0.0762,2016-06-27,13,2016-06-27,004
03021,2016-06-27 18:00:00,0.03,2016-06-27 13:00:00,0.0762,2016-06-27,13,2016-06-27,004
02601,2016-06-27 18:00:00,0.02,2016-06-27 13:00:00,0.050800000000000005,2016-06-27,13,2016-06-27,004
02614,2016-06-27 18:00:00,0.02,2016-06-27 13:00:00,0.050800000000000005,2016-06-27,13,2016-06-27,004
02617,2016-06-27 18:00:00,0.02,2016-06-27 13:00:00,0.050800000000000005,2016-06-27,13,2016-06-27,004
02678,2016-06-27 18:00:00,0.02,2016-06-27 13:00:00,0.050800000000000005,2016-06-27,13,2016-06-27,004
02726,2016-06-27 18:00:00,0.02,2016-06-27 13:00:00,0.050800000000000005,2016-06-27,13,2016-06-27,004
02793,2016-06-27 18:00:00,0.02,2016-06-27 13:00:00,0.050800000000000005,2016-06-27,13,2016-06-27,004
02806,2016-06-27 18:00:00,0.02,2016-06-27 13:00:00,0.050800000000000005,2016-06-27,13,2016-06-27,004
02889,2016-06-27 18:00:00,0.02,2016-06-27 13:00:00,0.050800000000000005,2016-06-27,13,2016-06-27,004
03094,2016-06-27 18:00:00,0.02,2016-06-27 13:00:00,0.050800000000000005,2016-06-27,13,2016-06-27,004
02595,2016-06-27 21:00:00,0.06,2016-06-27 16:00:00,0.1524,2016-06-27,16,2016-06-27,004
02675,2016-06-27 21:00:00,0.06,2016-06-27 16:00:00,0.1524,2016-06-27,16,2016-06-27,004
02718,2016-06-27 21:00:00,0.06,2016-06-27 16:00:00,0.1524,2016-06-27,16,2016-06-27,004
02739,2016-06-27 21:00:00,0.06,2016-06-27 16:00:00,0.1524,2016-06-27,16,2016-06-27,004
02611,2016-06-27 21:00:00,0.06,2016-06-27 16:00:00,0.1524,2016-06-27,16,2016-06-27,004
02653,2016-06-27 21:00:00,0.06,2016-06-27 16:00:00,0.1524,2016-06-27,16,2016-06-27,004
02681,2016-06-27 21:00:00,0.06,2016-06-27 16:00:00,0.1524,2016-06-27,16,2016-06-27,004
02709,2016-06-27 21:00:00,0.06,2016-06-27 16:00:00,0.1524,2016-06-27,16,2016-06-27,004
02745,2016-06-27 21:00:00,0.06,2016-06-27 16:00:00,0.1524,2016-06-27,16,2016-06-27,004
02757,2016-06-27 21:00:00,0.06,2016-06-27 16:00:00,0.1524,2016-06-27,16,2016-06-27,004
02837,2016-06-27 21:00:00,0.06,2016-06-27 16:00:00,0.1524,2016-06-27,16,2016-06-27,004
02963,2016-06-27 21:00:00,0.06,2016-06-27 16:00:00,0.1524,2016-06-27,16,2016-06-27,004
03021,2016-06-27 21:00:00,0.06,2016-06-27 16:00:00,0.1524,2016-06-27,16,2016-06-27,004
02601,2016-06-27 21:00:00,0.03,2016-06-27 16:00:00,0.0762,2016-06-27,16,2016-06-27,004
02614,2016-06-27 21:00:00,0.03,2016-06-27 16:00:00,0.0762,2016-06-27,16,2016-06-27,004
02617,2016-06-27 21:00:00,0.03,2016-06-27 16:00:00,0.0762,2016-06-27,16,2016-06-27,004
02678,2016-06-27 21:00:00,0.03,2016-06-27 16:00:00,0.0762,2016-06-27,16,2016-06-27,004
02726,2016-06-27 21:00:00,0.03,2016-06-27 16:00:00,0.0762,2016-06-27,16,2016-06-27,004
02793,2016-06-27 21:00:00,0.03,2016-06-27 16:00:00,0.0762,2016-06-27,16,2016-06-27,004
02806,2016-06-27 21:00:00,0.03,2016-06-27 16:00:00,0.0762,2016-06-27,16,2016-06-27,004
02889,2016-06-27 21:00:00,0.03,2016-06-27 16:00:00,0.0762,2016-06-27,16,2016-06-27,004
03094,2016-06-27 21:00:00,0.03,2016-06-27 16:00:00,0.0762,2016-06-27,16,2016-06-27,004
02696,2016-06-27 21:00:00,0.04,2016-06-27 16:00:00,0.10160000000000001,2016-06-27,16,2016-06-27,004
00009,2016-07-01 23:00:00,0.01,2016-07-01 18:00:00,0.025400000000000002,2016-07-01,18,2016-07-01,001
00053,2016-07-01 23:00:00,0.01,2016-07-01 18:00:00,0.025400000000000002,2016-07-01,18,2016-07-01,001
00061,2016-07-01 23:00:00,0.01,2016-07-01 18:00:00,0.025400000000000002,2016-07-01,18,2016-07-01,001
00066,2016-07-01 23:00:00,0.01,2016-07-01 18:00:00,0.025400000000000002,2016-07-01,18,2016-07-01,001
00097,2016-07-01 23:00:00,0.01,2016-07-01 18:00:00,0.025400000000000002,2016-07-01,18,2016-07-01,001
00113,2016-07-01 23:00:00,0.01,2016-07-01 18:00:00,0.025400000000000002,2016-07-01,18,2016-07-01,001
00121,2016-07-01 23:00:00,0.01,2016-07-01 18:00:00,0.025400000000000002,2016-07-01,18,2016-07-01,001
00125,2016-07-01 23:00:00,0.01,2016-07-01 18:00:00,0.025400000000000002,2016-07-01,18,2016-07-01,001
00153,2016-07-01 23:00:00,0.01,2016-07-01 18:00:00,0.025400000000000002,2016-07-01,18,2016-07-01,001
00157,2016-07-01 23:00:00,0.01,2016-07-01 18:00:00,0.025400000000000002,2016-07-01,18,2016-07-01,001
00209,2016-07-01 23:00:00,0.01,2016-07-01 18:00:00,0.025400000000000002,2016-07-01,18,2016-07-01,001
00009,2016-07-02 09:00:00,0.03,2016-07-02 04:00:00,0.0762,2016-07-02,4,2016-07-01,001
00053,2016-07-02 09:00:00,0.03,2016-07-02 04:00:00,0.0762,2016-07-02,4,2016-07-01,001
00061,2016-07-02 09:00:00,0.03,2016-07-02 04:00:00,0.0762,2016-07-02,4,2016-07-01,001
00066,2016-07-02 09:00:00,0.03,2016-07-02 04:00:00,0.0762,2016-07-02,4,2016-07-01,001
00097,2016-07-02 09:00:00,0.03,2016-07-02 04:00:00,0.0762,2016-07-02,4,2016-07-01,001
00113,2016-07-02 09:00:00,0.03,2016-07-02 04:00:00,0.0762,2016-07-02,4,2016-07-01,001
00121,2016-07-02 09:00:00,0.03,2016-07-02 04:00:00,0.0762,2016-07-02,4,2016-07-01,001
00125,2016-07-02 09:00:00,0.03,2016-07-02 04:00:00,0.0762,2016-07-02,4,2016-07-01,001
00153,2016-07-02 09:00:00,0.03,2016-07-02 04:00:00,0.0762,2016-07-02,4,2016-07-01,001
00157,2016-07-02 09:00:00,0.03,2016-07-02 04:00:00,0.0762,2016-07-02,4,2016-07-01,001
00209,2016-07-02 09:00:00,0.03,2016-07-02 04:00:00,0.0762,2016-07-02,4,2016-07-01,001
00004,2016-07-02 09:00:00,0.01,2016-07-02 04:00:00,0.025400000000000002,2016-07-02,4,2016-07-01,001
00015,2016-07-02 09:00:00,0.01,2016-07-02 04:00:00,0.025400000000000002,2016-07-02,4,2016-07-01,001
00017,2016-07-02 09:00:00,0.01,2016-07-02 04:00:00,0.025400000000000002,2016-07-02,4,2016-07-01,001
00018,2016-07-02 09:00:00,0.01,2016-07-02 04:00:00,0.025400000000000002,2016-07-02,4,2016-07-01,001
00020,2016-07-02 09:00:00,0.01,2016-07-02 04:00:00,0.025400000000000002,2016-07-02,4,2016-07-01,001
00034,2016-07-02 09:00:00,0.01,2016-07-02 04:00:00,0.025400000000000002,2016-07-02,4,2016-07-01,001
00050,2016-07-02 09:00:00,0.01,2016-07-02 04:00:00,0.025400000000000002,2016-07-02,4,2016-07-01,001
00059,2016-07-02 09:00:00,0.01,2016-07-02 04:00:00,0.025400000000000002,2016-07-02,4,2016-07-01,001
00091,2016-07-02 09:00:00,0.01,2016-07-02 04:00:00,0.025400000000000002,2016-07-02,4,2016-07-01,001
00093,2016-07-02 09:00:00,0.01,2016-07-02 04:00:00,0.025400000000000002,2016-07-02,4,2016-07-01,001
00098,2016-07-02 09:00:00,0.01,2016-07-02 04:00:00,0.025400000000000002,2016-07-02,4,2016-07-01,001
00155,2016-07-02 09:00:00,0.01,2016-07-02 04:00:00,0.025400000000000002,2016-07-02,4,2016-07-01,001
00009,2016-07-02 10:00:00,0.03,2016-07-02 05:00:00,0.0762,2016-07-02,5,2016-07-01,001
00053,2016-07-02 10:00:00,0.03,2016-07-02 05:00:00,0.0762,2016-07-02,5,2016-07-01,001
00061,2016-07-02 10:00:00,0.03,2016-07-02 05:00:00,0.0762,2016-07-02,5,2016-07-01,001
00066,2016-07-02 10:00:00,0.03,2016-07-02 05:00:00,0.0762,2016-07-02,5,2016-07-01,001
00097,2016-07-02 10:00:00,0.03,2016-07-02 05:00:00,0.0762,2016-07-02,5,2016-07-01,001
00113,2016-07-02 10:00:00,0.03,2016-07-02 05:00:00,0.0762,2016-07-02,5,2016-07-01,001
00121,2016-07-02 10:00:00,0.03,2016-07-02 05:00:00,0.0762,2016-07-02,5,2016-07-01,001
00125,2016-07-02 10:00:00,0.03,2016-07-02 05:00:00,0.0762,2016-07-02,5,2016-07-01,001
00153,2016-07-02 10:00:00,0.03,2016-07-02 05:00:00,0.0762,2016-07-02,5,2016-07-01,001
00157,2016-07-02 10:00:00,0.03,2016-07-02 05:00:00,0.0762,2016-07-02,5,2016-07-01,001
00209,2016-07-02 10:00:00,0.03,2016-07-02 05:00:00,0.0762,2016-07-02,5,2016-07-01,001
00004,2016-07-02 10:00:00,0.04,2016-07-02 05:00:00,0.10160000000000001,2016-07-02,5,2016-07-01,001
00015,2016-07-02 10:00:00,0.04,2016-07-02 05:00:00,0.10160000000000001,2016-07-02,5,2016-07-01,001
00017,2016-07-02 10:00:00,0.04,2016-07-02 05:00:00,0.10160000000000001,2016-07-02,5,2016-07-01,001
00018,2016-07-02 10:00:00,0.04,2016-07-02 05:00:00,0.10160000000000001,2016-07-02,5,2016-07-01,001
00020,2016-07-02 10:00:00,0.04,2016-07-02 05:00:00,0.10160000000000001,2016-07-02,5,2016-07-01,001
00034,2016-07-02 10:00:00,0.04,2016-07-02 05:00:00,0.10160000000000001,2016-07-02,5,2016-07-01,001
00050,2016-07-02 10:00:00,0.04,2016-07-02 05:00:00,0.10160000000000001,2016-07-02,5,2016-07-01,001
00059,2016-07-02 10:00:00,0.04,2016-07-02 05:00:00,0.10160000000000001,2016-07-02,5,2016-07-01,001
00091,2016-07-02 10:00:00,0.04,2016-07-02 05:00:00,0.10160000000000001,2016-07-02,5,2016-07-01,001
00093,2016-07-02 10:00:00,0.04,2016-07-02 05:00:00,0.10160000000000001,2016-07-02,5,2016-07-01,001
00098,2016-07-02 10:00:00,0.04,2016-07-02 05:00:00,0.10160000000000001,2016-07-02,5,2016-07-01,001
00155,2016-07-02 10:00:00,0.04,2016-07-02 05:00:00,0.10160000000000001,2016-07-02,5,2016-07-01,001
00009,2016-07-02 11:00:00,0.04,2016-07-02 06:00:00,0.10160000000000001,2016-07-02,6,2016-07-01,001
00053,2016-07-02 11:00:00,0.04,2016-07-02 06:00:00,0.10160000000000001,2016-07-02,6,2016-07-01,001
00061,2016-07-02 11:00:00,0.04,2016-07-02 06:00:00,0.10160000000000001,2016-07-02,6,2016-07-01,001
00066,2016-07-02 11:00:00,0.04,2016-07-02 06:00:00,0.10160000000000001,2016-07-02,6,2016-07-01,001
00097,2016-07-02 11:00:00,0.04,2016-07-02 06:00:00,0.10160000000000001,2016-07-02,6,2016-07-01,001
00113,2016-07-02 11:00:00,0.04,2016-07-02 06:00:00,0.10160000000000001,2016-07-02,6,2016-07-01,001
00121,2016-07-02 11:00:00,0.04,2016-07-02 06:00:00,0.10160000000000001,2016-07-02,6,2016-07-01,001
00125,2016-07-02 11:00:00,0.04,2016-07-02 06:00:00,0.10160000000000001,2016-07-02,6,2016-07-01,001
00153,2016-07-02 11:00:00,0.04,2016-07-02 06:00:00,0.10160000000000001,2016-07-02,6,2016-07-01,001
00157,2016-07-02 11:00:00,0.04,2016-07-02 06:00:00,0.10160000000000001,2016-07-02,6,2016-07-01,001
00209,2016-07-02 11:00:00,0.04,2016-07-02 06:00:00,0.10160000000000001,2016-07-02,6,2016-07-01,001
00004,2016-07-02 11:00:00,0.06,2016-07-02 06:00:00,0.1524,2016-07-02,6,2016-07-01,001
00015,2016-07-02 11:00:00,0.06,2016-07-02 06:00:00,0.1524,2016-07-02,6,2016-07-01,001
00017,2016-07-02 11:00:00,0.06,2016-07-02 06:00:00,0.1524,2016-07-02,6,2016-07-01,001
00018,2016-07-02 11:00:00,0.06,2016-07-02 06:00:00,0.1524,2016-07-02,6,2016-07-01,001
00020,2016-07-02 11:00:00,0.06,2016-07-02 06:00:00,0.1524,2016-07-02,6,2016-07-01,001
00034,2016-07-02 11:00:00,0.06,2016-07-02 06:00:00,0.1524,2016-07-02,6,2016-07-01,001
00050,2016-07-02 11:00:00,0.06,2016-07-02 06:00:00,0.1524,2016-07-02,6,2016-07-01,001
00059,2016-07-02 11:00:00,0.06,2016-07-02 06:00:00,0.1524,2016-07-02,6,2016-07-01,001
00091,2016-07-02 11:00:00,0.06,2016-07-02 06:00:00,0.1524,2016-07-02,6,2016-07-01,001
00093,2016-07-02 11:00:00,0.06,2016-07-02 06:00:00,0.1524,2016-07-02,6,2016-07-01,001
00098,2016-07-02 11:00:00,0.06,2016-07-02 06:00:00,0.1524,2016-07-02,6,2016-07-01,001
00155,2016-07-02 11:00:00,0.06,2016-07-02 06:00:00,0.1524,2016-07-02,6,2016-07-01,001
00009,2016-07-02 12:00:00,0.09,2016-07-02 07:00:00,0.2286,2016-07-02,7,2016-07-01,001
00053,2016-07-02 12:00:00,0.09,2016-07-02 07:00:00,0.2286,2016-07-02,7,2016-07-01,001
00061,2016-07-02 12:00:00,0.09,2016-07-02 07:00:00,0.2286,2016-07-02,7,2016-07-01,001
00066,2016-07-02 12:00:00,0.09,2016-07-02 07:00:00,0.2286,2016-07-02,7,2016-07-01,001
00097,2016-07-02 12:00:00,0.09,2016-07-02 07:00:00,0.2286,2016-07-02,7,2016-07-01,001
00113,2016-07-02 12:00:00,0.09,2016-07-02 07:00:00,0.2286,2016-07-02,7,2016-07-01,001
00121,2016-07-02 12:00:00,0.09,2016-07-02 07:00:00,0.2286,2016-07-02,7,2016-07-01,001
00125,2016-07-02 12:00:00,0.09,2016-07-02 07:00:00,0.2286,2016-07-02,7,2016-07-01,001
00153,2016-07-02 12:00:00,0.09,2016-07-02 07:00:00,0.2286,2016-07-02,7,2016-07-01,001
00157,2016-07-02 12:00:00,0.09,2016-07-02 07:00:00,0.2286,2016-07-02,7,2016-07-01,001
00209,2016-07-02 12:00:00,0.09,2016-07-02 07:00:00,0.2286,2016-07-02,7,2016-07-01,001
00004,2016-07-02 12:00:00,0.08,2016-07-02 07:00:00,0.20320000000000002,2016-07-02,7,2016-07-01,001
00015,2016-07-02 12:00:00,0.08,2016-07-02 07:00:00,0.20320000000000002,2016-07-02,7,2016-07-01,001
00017,2016-07-02 12:00:00,0.08,2016-07-02 07:00:00,0.20320000000000002,2016-07-02,7,2016-07-01,001
00018,2016-07-02 12:00:00,0.08,2016-07-02 07:00:00,0.20320000000000002,2016-07-02,7,2016-07-01,001
00020,2016-07-02 12:00:00,0.08,2016-07-02 07:00:00,0.20320000000000002,2016-07-02,7,2016-07-01,001
00034,2016-07-02 12:00:00,0.08,2016-07-02 07:00:00,0.20320000000000002,2016-07-02,7,2016-07-01,001
00050,2016-07-02 12:00:00,0.08,2016-07-02 07:00:00,0.20320000000000002,2016-07-02,7,2016-07-01,001
00059,2016-07-02 12:00:00,0.08,2016-07-02 07:00:00,0.20320000000000002,2016-07-02,7,2016-07-01,001
00091,2016-07-02 12:00:00,0.08,2016-07-02 07:00:00,0.20320000000000002,2016-07-02,7,2016-07-01,001
00093,2016-07-02 12:00:00,0.08,2016-07-02 07:00:00,0.20320000000000002,2016-07-02,7,2016-07-01,001
00098,2016-07-02 12:00:00,0.08,2016-07-02 07:00:00,0.20320000000000002,2016-07-02,7,2016-07-01,001
00155,2016-07-02 12:00:00,0.08,2016-07-02 07:00:00,0.20320000000000002,2016-07-02,7,2016-07-01,001
00009,2016-07-02 15:00:00,0.05,2016-07-02 10:00:00,0.127,2016-07-02,10,2016-07-01,001
00053,2016-07-02 15:00:00,0.05,2016-07-02 10:00:00,0.127,2016-07-02,10,2016-07-01,001
00061,2016-07-02 15:00:00,0.05,2016-07-02 10:00:00,0.127,2016-07-02,10,2016-07-01,001
00066,2016-07-02 15:00:00,0.05,2016-07-02 10:00:00,0.127,2016-07-02,10,2016-07-01,001
00097,2016-07-02 15:00:00,0.05,2016-07-02 10:00:00,0.127,2016-07-02,10,2016-07-01,001
00113,2016-07-02 15:00:00,0.05,2016-07-02 10:00:00,0.127,2016-07-02,10,2016-07-01,001
00121,2016-07-02 15:00:00,0.05,2016-07-02 10:00:00,0.127,2016-07-02,10,2016-07-01,001
00125,2016-07-02 15:00:00,0.05,2016-07-02 10:00:00,0.127,2016-07-02,10,2016-07-01,001
00153,2016-07-02 15:00:00,0.05,2016-07-02 10:00:00,0.127,2016-07-02,10,2016-07-01,001
00157,2016-07-02 15:00:00,0.05,2016-07-02 10:00:00,0.127,2016-07-02,10,2016-07-01,001
00209,2016-07-02 15:00:00,0.05,2016-07-02 10:00:00,0.127,2016-07-02,10,2016-07-01,001
00004,2016-07-02 15:00:00,0.1,2016-07-02 10:00:00,0.254,2016-07-02,10,2016-07-01,001
00015,2016-07-02 15:00:00,0.1,2016-07-02 10:00:00,0.254,2016-07-02,10,2016-07-01,001
00017,2016-07-02 15:00:00,0.1,2016-07-02 10:00:00,0.254,2016-07-02,10,2016-07-01,001
00018,2016-07-02 15:00:00,0.1,2016-07-02 10:00:00,0.254,2016-07-02,10,2016-07-01,001
00020,2016-07-02 15:00:00,0.1,2016-07-02 10:00:00,0.254,2016-07-02,10,2016-07-01,001
00034,2016-07-02 15:00:00,0.1,2016-07-02 10:00:00,0.254,2016-07-02,10,2016-07-01,001
00050,2016-07-02 15:00:00,0.1,2016-07-02 10:00:00,0.254,2016-07-02,10,2016-07-01,001
00059,2016-07-02 15:00:00,0.1,2016-07-02 10:00:00,0.254,2016-07-02,10,2016-07-01,001
00091,2016-07-02 15:00:00,0.1,2016-07-02 10:00:00,0.254,2016-07-02,10,2016-07-01,001
00093,2016-07-02 15:00:00,0.1,2016-07-02 10:00:00,0.254,2016-07-02,10,2016-07-01,001
00098,2016-07-02 15:00:00,0.1,2016-07-02 10:00:00,0.254,2016-07-02,10,2016-07-01,001
00155,2016-07-02 15:00:00,0.1,2016-07-02 10:00:00,0.254,2016-07-02,10,2016-07-01,001
00009,2016-07-02 16:00:00,0.02,2016-07-02 11:00:00,0.050800000000000005,2016-07-02,11,2016-07-01,001
00053,2016-07-02 16:00:00,0.02,2016-07-02 11:00:00,0.050800000000000005,2016-07-02,11,2016-07-01,001
00061,2016-07-02 16:00:00,0.02,2016-07-02 11:00:00,0.050800000000000005,2016-07-02,11,2016-07-01,001
00066,2016-07-02 16:00:00,0.02,2016-07-02 11:00:00,0.050800000000000005,2016-07-02,11,2016-07-01,001
00097,2016-07-02 16:00:00,0.02,2016-07-02 11:00:00,0.050800000000000005,2016-07-02,11,2016-07-01,001
00113,2016-07-02 16:00:00,0.02,2016-07-02 11:00:00,0.050800000000000005,2016-07-02,11,2016-07-01,001
00121,2016-07-02 16:00:00,0.02,2016-07-02 11:00:00,0.050800000000000005,2016-07-02,11,2016-07-01,001
00125,2016-07-02 16:00:00,0.02,2016-07-02 11:00:00,0.050800000000000005,2016-07-02,11,2016-07-01,001
00153,2016-07-02 16:00:00,0.02,2016-07-02 11:00:00,0.050800000000000005,2016-07-02,11,2016-07-01,001
00157,2016-07-02 16:00:00,0.02,2016-07-02 11:00:00,0.050800000000000005,2016-07-02,11,2016-07-01,001
00209,2016-07-02 16:00:00,0.02,2016-07-02 11:00:00,0.050800000000000005,2016-07-02,11,2016-07-01,001
00004,2016-07-02 16:00:00,0.03,2016-07-02 11:00:00,0.0762,2016-07-02,11,2016-07-01,001
00015,2016-07-02 16:00:00,0.03,2016-07-02 11:00:00,0.0762,2016-07-02,11,2016-07-01,001
00017,2016-07-02 16:00:00,0.03,2016-07-02 11:00:00,0.0762,2016-07-02,11,2016-07-01,001
00018,2016-07-02 16:00:00,0.03,2016-07-02 11:00:00,0.0762,2016-07-02,11,2016-07-01,001
00020,2016-07-02 16:00:00,0.03,2016-07-02 11:00:00,0.0762,2016-07-02,11,2016-07-01,001
00034,2016-07-02 16:00:00,0.03,2016-07-02 11:00:00,0.0762,2016-07-02,11,2016-07-01,001
00050,2016-07-02 16:00:00,0.03,2016-07-02 11:00:00,0.0762,2016-07-02,11,2016-07-01,001
00059,2016-07-02 16:00:00,0.03,2016-07-02 11:00:00,0.0762,2016-07-02,11,2016-07-01,001
00091,2016-07-02 16:00:00,0.03,2016-07-02 11:00:00,0.0762,2016-07-02,11,2016-07-01,001
00093,2016-07-02 16:00:00,0.03,2016-07-02 11:00:00,0.0762,2016-07-02,11,2016-07-01,001
00098,2016-07-02 16:00:00,0.03,2016-07-02 11:00:00,0.0762,2016-07-02,11,2016-07-01,001
00155,2016-07-02 16:00:00,0.03,2016-07-02 11:00:00,0.0762,2016-07-02,11,2016-07-01,001
00009,2016-07-02 17:00:00,0.06,2016-07-02 12:00:00,0.1524,2016-07-02,12,2016-07-02,001
00053,2016-07-02 17:00:00,0.06,2016-07-02 12:00:00,0.1524,2016-07-02,12,2016-07-02,001
00061,2016-07-02 17:00:00,0.06,2016-07-02 12:00:00,0.1524,2016-07-02,12,2016-07-02,001
00066,2016-07-02 17:00:00,0.06,2016-07-02 12:00:00,0.1524,2016-07-02,12,2016-07-02,001
00097,2016-07-02 17:00:00,0.06,2016-07-02 12:00:00,0.1524,2016-07-02,12,2016-07-02,001
00113,2016-07-02 17:00:00,0.06,2016-07-02 12:00:00,0.1524,2016-07-02,12,2016-07-02,001
00121,2016-07-02 17:00:00,0.06,2016-07-02 12:00:00,0.1524,2016-07-02,12,2016-07-02,001
00125,2016-07-02 17:00:00,0.06,2016-07-02 12:00:00,0.1524,2016-07-02,12,2016-07-02,001
00153,2016-07-02 17:00:00,0.06,2016-07-02 12:00:00,0.1524,2016-07-02,12,2016-07-02,001
00157,2016-07-02 17:00:00,0.06,2016-07-02 12:00:00,0.1524,2016-07-02,12,2016-07-02,001
00209,2016-07-02 17:00:00,0.06,2016-07-02 12:00:00,0.1524,2016-07-02,12,2016-07-02,001
00004,2016-07-02 17:00:00,0.11,2016-07-02 12:00:00,0.2794,2016-07-02,12,2016-07-02,001
00015,2016-07-02 17:00:00,0.11,2016-07-02 12:00:00,0.2794,2016-07-02,12,2016-07-02,001
00017,2016-07-02 17:00:00,0.11,2016-07-02 12:00:00,0.2794,2016-07-02,12,2016-07-02,001
00018,2016-07-02 17:00:00,0.11,2016-07-02 12:00:00,0.2794,2016-07-02,12,2016-07-02,001
00020,2016-07-02 17:00:00,0.11,2016-07-02 12:00:00,0.2794,2016-07-02,12,2016-07-02,001
00034,2016-07-02 17:00:00,0.11,2016-07-02 12:00:00,0.2794,2016-07-02,12,2016-07-02,001
00050,2016-07-02 17:00:00,0.11,2016-07-02 12:00:00,0.2794,2016-07-02,12,2016-07-02,001
00059,2016-07-02 17:00:00,0.11,2016-07-02 12:00:00,0.2794,2016-07-02,12,2016-07-02,001
00091,2016-07-02 17:00:00,0.11,2016-07-02 12:00:00,0.2794,2016-07-02,12,2016-07-02,001
00093,2016-07-02 17:00:00,0.11,2016-07-02 12:00:00,0.2794,2016-07-02,12,2016-07-02,001
00098,2016-07-02 17:00:00,0.11,2016-07-02 12:00:00,0.2794,2016-07-02,12,2016-07-02,001
00155,2016-07-02 17:00:00,0.11,2016-07-02 12:00:00,0.2794,2016-07-02,12,2016-07-02,001
00009,2016-07-02 18:00:00,0.03,2016-07-02 13:00:00,0.0762,2016-07-02,13,2016-07-02,001
00053,2016-07-02 18:00:00,0.03,2016-07-02 13:00:00,0.0762,2016-07-02,13,2016-07-02,001
00061,2016-07-02 18:00:00,0.03,2016-07-02 13:00:00,0.0762,2016-07-02,13,2016-07-02,001
00066,2016-07-02 18:00:00,0.03,2016-07-02 13:00:00,0.0762,2016-07-02,13,2016-07-02,001
00097,2016-07-02 18:00:00,0.03,2016-07-02 13:00:00,0.0762,2016-07-02,13,2016-07-02,001
00113,2016-07-02 18:00:00,0.03,2016-07-02 13:00:00,0.0762,2016-07-02,13,2016-07-02,001
00121,2016-07-02 18:00:00,0.03,2016-07-02 13:00:00,0.0762,2016-07-02,13,2016-07-02,001
00125,2016-07-02 18:00:00,0.03,2016-07-02 13:00:00,0.0762,2016-07-02,13,2016-07-02,001
00153,2016-07-02 18:00:00,0.03,2016-07-02 13:00:00,0.0762,2016-07-02,13,2016-07-02,001
00157,2016-07-02 18:00:00,0.03,2016-07-02 13:00:00,0.0762,2016-07-02,13,2016-07-02,001
00209,2016-07-02 18:00:00,0.03,2016-07-02 13:00:00,0.0762,2016-07-02,13,2016-07-02,001
00004,2016-07-02 18:00:00,0.05,2016-07-02 13:00:00,0.127,2016-07-02,13,2016-07-02,001
00015,2016-07-02 18:00:00,0.05,2016-07-02 13:00:00,0.127,2016-07-02,13,2016-07-02,001
00017,2016-07-02 18:00:00,0.05,2016-07-02 13:00:00,0.127,2016-07-02,13,2016-07-02,001
00018,2016-07-02 18:00:00,0.05,2016-07-02 13:00:00,0.127,2016-07-02,13,2016-07-02,001
00020,2016-07-02 18:00:00,0.05,2016-07-02 13:00:00,0.127,2016-07-02,13,2016-07-02,001
00034,2016-07-02 18:00:00,0.05,2016-07-02 13:00:00,0.127,2016-07-02,13,2016-07-02,001
00050,2016-07-02 18:00:00,0.05,2016-07-02 13:00:00,0.127,2016-07-02,13,2016-07-02,001
00059,2016-07-02 18:00:00,0.05,2016-07-02 13:00:00,0.127,2016-07-02,13,2016-07-02,001
00091,2016-07-02 18:00:00,0.05,2016-07-02 13:00:00,0.127,2016-07-02,13,2016-07-02,001
00093,2016-07-02 18:00:00,0.05,2016-07-02 13:00:00,0.127,2016-07-02,13,2016-07-02,001
00098,2016-07-02 18:00:00,0.05,2016-07-02 13:00:00,0.127,2016-07-02,13,2016-07-02,001
00155,2016-07-02 18:00:00,0.05,2016-07-02 13:00:00,0.127,2016-07-02,13,2016-07-02,001
00009,2016-07-02 19:00:00,0.02,2016-07-02 14:00:00,0.050800000000000005,2016-07-02,14,2016-07-02,001
00053,2016-07-02 19:00:00,0.02,2016-07-02 14:00:00,0.050800000000000005,2016-07-02,14,2016-07-02,001
00061,2016-07-02 19:00:00,0.02,2016-07-02 14:00:00,0.050800000000000005,2016-07-02,14,2016-07-02,001
00066,2016-07-02 19:00:00,0.02,2016-07-02 14:00:00,0.050800000000000005,2016-07-02,14,2016-07-02,001
00097,2016-07-02 19:00:00,0.02,2016-07-02 14:00:00,0.050800000000000005,2016-07-02,14,2016-07-02,001
00113,2016-07-02 19:00:00,0.02,2016-07-02 14:00:00,0.050800000000000005,2016-07-02,14,2016-07-02,001
00121,2016-07-02 19:00:00,0.02,2016-07-02 14:00:00,0.050800000000000005,2016-07-02,14,2016-07-02,001
00125,2016-07-02 19:00:00,0.02,2016-07-02 14:00:00,0.050800000000000005,2016-07-02,14,2016-07-02,001
00153,2016-07-02 19:00:00,0.02,2016-07-02 14:00:00,0.050800000000000005,2016-07-02,14,2016-07-02,001
00157,2016-07-02 19:00:00,0.02,2016-07-02 14:00:00,0.050800000000000005,2016-07-02,14,2016-07-02,001
00209,2016-07-02 19:00:00,0.02,2016-07-02 14:00:00,0.050800000000000005,2016-07-02,14,2016-07-02,001
00004,2016-07-02 19:00:00,0.01,2016-07-02 14:00:00,0.025400000000000002,2016-07-02,14,2016-07-02,001
00015,2016-07-02 19:00:00,0.01,2016-07-02 14:00:00,0.025400000000000002,2016-07-02,14,2016-07-02,001
00017,2016-07-02 19:00:00,0.01,2016-07-02 14:00:00,0.025400000000000002,2016-07-02,14,2016-07-02,001
00018,2016-07-02 19:00:00,0.01,2016-07-02 14:00:00,0.025400000000000002,2016-07-02,14,2016-07-02,001
00020,2016-07-02 19:00:00,0.01,2016-07-02 14:00:00,0.025400000000000002,2016-07-02,14,2016-07-02,001
00034,2016-07-02 19:00:00,0.01,2016-07-02 14:00:00,0.025400000000000002,2016-07-02,14,2016-07-02,001
00050,2016-07-02 19:00:00,0.01,2016-07-02 14:00:00,0.025400000000000002,2016-07-02,14,2016-07-02,001
00059,2016-07-02 19:00:00,0.01,2016-07-02 14:00:00,0.025400000000000002,2016-07-02,14,2016-07-02,001
00091,2016-07-02 19:00:00,0.01,2016-07-02 14:00:00,0.025400000000000002,2016-07-02,14,2016-07-02,001
00093,2016-07-02 19:00:00,0.01,2016-07-02 14:00:00,0.025400000000000002,2016-07-02,14,2016-07-02,001
00098,2016-07-02 19:00:00,0.01,2016-07-02 14:00:00,0.025400000000000002,2016-07-02,14,2016-07-02,001
00155,2016-07-02 19:00:00,0.01,2016-07-02 14:00:00,0.025400000000000002,2016-07-02,14,2016-07-02,001
00009,2016-07-02 20:00:00,0.06,2016-07-02 15:00:00,0.1524,2016-07-02,15,2016-07-02,001
00053,2016-07-02 20:00:00,0.06,2016-07-02 15:00:00,0.1524,2016-07-02,15,2016-07-02,001
00061,2016-07-02 20:00:00,0.06,2016-07-02 15:00:00,0.1524,2016-07-02,15,2016-07-02,001
00066,2016-07-02 20:00:00,0.06,2016-07-02 15:00:00,0.1524,2016-07-02,15,2016-07-02,001
00097,2016-07-02 20:00:00,0.06,2016-07-02 15:00:00,0.1524,2016-07-02,15,2016-07-02,001
00113,2016-07-02 20:00:00,0.06,2016-07-02 15:00:00,0.1524,2016-07-02,15,2016-07-02,001
00121,2016-07-02 20:00:00,0.06,2016-07-02 15:00:00,0.1524,2016-07-02,15,2016-07-02,001
00125,2016-07-02 20:00:00,0.06,2016-07-02 15:00:00,0.1524,2016-07-02,15,2016-07-02,001
00153,2016-07-02 20:00:00,0.06,2016-07-02 15:00:00,0.1524,2016-07-02,15,2016-07-02,001
00157,2016-07-02 20:00:00,0.06,2016-07-02 15:00:00,0.1524,2016-07-02,15,2016-07-02,001
00209,2016-07-02 20:00:00,0.06,2016-07-02 15:00:00,0.1524,2016-07-02,15,2016-07-02,001
00004,2016-07-02 20:00:00,0.07,2016-07-02 15:00:00,0.1778,2016-07-02,15,2016-07-02,001
00015,2016-07-02 20:00:00,0.07,2016-07-02 15:00:00,0.1778,2016-07-02,15,2016-07-02,001
00017,2016-07-02 20:00:00,0.07,2016-07-02 15:00:00,0.1778,2016-07-02,15,2016-07-02,001
00018,2016-07-02 20:00:00,0.07,2016-07-02 15:00:00,0.1778,2016-07-02,15,2016-07-02,001
00020,2016-07-02 20:00:00,0.07,2016-07-02 15:00:00,0.1778,2016-07-02,15,2016-07-02,001
00034,2016-07-02 20:00:00,0.07,2016-07-02 15:00:00,0.1778,2016-07-02,15,2016-07-02,001
00050,2016-07-02 20:00:00,0.07,2016-07-02 15:00:00,0.1778,2016-07-02,15,2016-07-02,001
00059,2016-07-02 20:00:00,0.07,2016-07-02 15:00:00,0.1778,2016-07-02,15,2016-07-02,001
00091,2016-07-02 20:00:00,0.07,2016-07-02 15:00:00,0.1778,2016-07-02,15,2016-07-02,001
00093,2016-07-02 20:00:00,0.07,2016-07-02 15:00:00,0.1778,2016-07-02,15,2016-07-02,001
00098,2016-07-02 20:00:00,0.07,2016-07-02 15:00:00,0.1778,2016-07-02,15,2016-07-02,001
00155,2016-07-02 20:00:00,0.07,2016-07-02 15:00:00,0.1778,2016-07-02,15,2016-07-02,001
00009,2016-07-02 22:00:00,0.1,2016-07-02 17:00:00,0.254,2016-07-02,17,2016-07-02,001
00053,2016-07-02 22:00:00,0.1,2016-07-02 17:00:00,0.254,2016-07-02,17,2016-07-02,001
00061,2016-07-02 22:00:00,0.1,2016-07-02 17:00:00,0.254,2016-07-02,17,2016-07-02,001
00066,2016-07-02 22:00:00,0.1,2016-07-02 17:00:00,0.254,2016-07-02,17,2016-07-02,001
00097,2016-07-02 22:00:00,0.1,2016-07-02 17:00:00,0.254,2016-07-02,17,2016-07-02,001
00113,2016-07-02 22:00:00,0.1,2016-07-02 17:00:00,0.254,2016-07-02,17,2016-07-02,001
00121,2016-07-02 22:00:00,0.1,2016-07-02 17:00:00,0.254,2016-07-02,17,2016-07-02,001
00125,2016-07-02 22:00:00,0.1,2016-07-02 17:00:00,0.254,2016-07-02,17,2016-07-02,001
00153,2016-07-02 22:00:00,0.1,2016-07-02 17:00:00,0.254,2016-07-02,17,2016-07-02,001
00157,2016-07-02 22:00:00,0.1,2016-07-02 17:00:00,0.254,2016-07-02,17,2016-07-02,001
00209,2016-07-02 22:00:00,0.1,2016-07-02 17:00:00,0.254,2016-07-02,17,2016-07-02,001
00004,2016-07-02 22:00:00,0.09,2016-07-02 17:00:00,0.2286,2016-07-02,17,2016-07-02,001
00015,2016-07-02 22:00:00,0.09,2016-07-02 17:00:00,0.2286,2016-07-02,17,2016-07-02,001
00017,2016-07-02 22:00:00,0.09,2016-07-02 17:00:00,0.2286,2016-07-02,17,2016-07-02,001
00018,2016-07-02 22:00:00,0.09,2016-07-02 17:00:00,0.2286,2016-07-02,17,2016-07-02,001
00020,2016-07-02 22:00:00,0.09,2016-07-02 17:00:00,0.2286,2016-07-02,17,2016-07-02,001
00034,2016-07-02 22:00:00,0.09,2016-07-02 17:00:00,0.2286,2016-07-02,17,2016-07-02,001
00050,2016-07-02 22:00:00,0.09,2016-07-02 17:00:00,0.2286,2016-07-02,17,2016-07-02,001
00059,2016-07-02 22:00:00,0.09,2016-07-02 17:00:00,0.2286,2016-07-02,17,2016-07-02,001
00091,2016-07-02 22:00:00,0.09,2016-07-02 17:00:00,0.2286,2016-07-02,17,2016-07-02,001
00093,2016-07-02 22:00:00,0.09,2016-07-02 17:00:00,0.2286,2016-07-02,17,2016-07-02,001
00098,2016-07-02 22:00:00,0.09,2016-07-02 17:00:00,0.2286,2016-07-02,17,2016-07-02,001
00155,2016-07-02 22:00:00,0.09,2016-07-02 17:00:00,0.2286,2016-07-02,17,2016-07-02,001
00009,2016-07-02 23:00:00,0.09,2016-07-02 18:00:00,0.2286,2016-07-02,18,2016-07-02,001
00053,2016-07-02 23:00:00,0.09,2016-07-02 18:00:00,0.2286,2016-07-02,18,2016-07-02,001
00061,2016-07-02 23:00:00,0.09,2016-07-02 18:00:00,0.2286,2016-07-02,18,2016-07-02,001
00066,2016-07-02 23:00:00,0.09,2016-07-02 18:00:00,0.2286,2016-07-02,18,2016-07-02,001
00097,2016-07-02 23:00:00,0.09,2016-07-02 18:00:00,0.2286,2016-07-02,18,2016-07-02,001
00113,2016-07-02 23:00:00,0.09,2016-07-02 18:00:00,0.2286,2016-07-02,18,2016-07-02,001
00121,2016-07-02 23:00:00,0.09,2016-07-02 18:00:00,0.2286,2016-07-02,18,2016-07-02,001
00125,2016-07-02 23:00:00,0.09,2016-07-02 18:00:00,0.2286,2016-07-02,18,2016-07-02,001
00153,2016-07-02 23:00:00,0.09,2016-07-02 18:00:00,0.2286,2016-07-02,18,2016-07-02,001
00157,2016-07-02 23:00:00,0.09,2016-07-02 18:00:00,0.2286,2016-07-02,18,2016-07-02,001
00209,2016-07-02 23:00:00,0.09,2016-07-02 18:00:00,0.2286,2016-07-02,18,2016-07-02,001
00004,2016-07-02 23:00:00,0.08,2016-07-02 18:00:00,0.20320000000000002,2016-07-02,18,2016-07-02,001
00015,2016-07-02 23:00:00,0.08,2016-07-02 18:00:00,0.20320000000000002,2016-07-02,18,2016-07-02,001
00017,2016-07-02 23:00:00,0.08,2016-07-02 18:00:00,0.20320000000000002,2016-07-02,18,2016-07-02,001
00018,2016-07-02 23:00:00,0.08,2016-07-02 18:00:00,0.20320000000000002,2016-07-02,18,2016-07-02,001
00020,2016-07-02 23:00:00,0.08,2016-07-02 18:00:00,0.20320000000000002,2016-07-02,18,2016-07-02,001
00034,2016-07-02 23:00:00,0.08,2016-07-02 18:00:00,0.20320000000000002,2016-07-02,18,2016-07-02,001
00050,2016-07-02 23:00:00,0.08,2016-07-02 18:00:00,0.20320000000000002,2016-07-02,18,2016-07-02,001
00059,2016-07-02 23:00:00,0.08,2016-07-02 18:00:00,0.20320000000000002,2016-07-02,18,2016-07-02,001
00091,2016-07-02 23:00:00,0.08,2016-07-02 18:00:00,0.20320000000000002,2016-07-02,18,2016-07-02,001
00093,2016-07-02 23:00:00,0.08,2016-07-02 18:00:00,0.20320000000000002,2016-07-02,18,2016-07-02,001
00098,2016-07-02 23:00:00,0.08,2016-07-02 18:00:00,0.20320000000000002,2016-07-02,18,2016-07-02,001
00155,2016-07-02 23:00:00,0.08,2016-07-02 18:00:00,0.20320000000000002,2016-07-02,18,2016-07-02,001
00009,2016-07-03 00:00:00,0.03,2016-07-02 19:00:00,0.0762,2016-07-02,19,2016-07-02,001
00053,2016-07-03 00:00:00,0.03,2016-07-02 19:00:00,0.0762,2016-07-02,19,2016-07-02,001
00061,2016-07-03 00:00:00,0.03,2016-07-02 19:00:00,0.0762,2016-07-02,19,2016-07-02,001
00066,2016-07-03 00:00:00,0.03,2016-07-02 19:00:00,0.0762,2016-07-02,19,2016-07-02,001
00097,2016-07-03 00:00:00,0.03,2016-07-02 19:00:00,0.0762,2016-07-02,19,2016-07-02,001
00113,2016-07-03 00:00:00,0.03,2016-07-02 19:00:00,0.0762,2016-07-02,19,2016-07-02,001
00121,2016-07-03 00:00:00,0.03,2016-07-02 19:00:00,0.0762,2016-07-02,19,2016-07-02,001
00125,2016-07-03 00:00:00,0.03,2016-07-02 19:00:00,0.0762,2016-07-02,19,2016-07-02,001
00153,2016-07-03 00:00:00,0.03,2016-07-02 19:00:00,0.0762,2016-07-02,19,2016-07-02,001
00157,2016-07-03 00:00:00,0.03,2016-07-02 19:00:00,0.0762,2016-07-02,19,2016-07-02,001
00209,2016-07-03 00:00:00,0.03,2016-07-02 19:00:00,0.0762,2016-07-02,19,2016-07-02,001
00004,2016-07-03 00:00:00,0.02,2016-07-02 19:00:00,0.050800000000000005,2016-07-02,19,2016-07-02,001
00015,2016-07-03 00:00:00,0.02,2016-07-02 19:00:00,0.050800000000000005,2016-07-02,19,2016-07-02,001
00017,2016-07-03 00:00:00,0.02,2016-07-02 19:00:00,0.050800000000000005,2016-07-02,19,2016-07-02,001
00018,2016-07-03 00:00:00,0.02,2016-07-02 19:00:00,0.050800000000000005,2016-07-02,19,2016-07-02,001
00020,2016-07-03 00:00:00,0.02,2016-07-02 19:00:00,0.050800000000000005,2016-07-02,19,2016-07-02,001
00034,2016-07-03 00:00:00,0.02,2016-07-02 19:00:00,0.050800000000000005,2016-07-02,19,2016-07-02,001
00050,2016-07-03 00:00:00,0.02,2016-07-02 19:00:00,0.050800000000000005,2016-07-02,19,2016-07-02,001
00059,2016-07-03 00:00:00,0.02,2016-07-02 19:00:00,0.050800000000000005,2016-07-02,19,2016-07-02,001
00091,2016-07-03 00:00:00,0.02,2016-07-02 19:00:00,0.050800000000000005,2016-07-02,19,2016-07-02,001
00093,2016-07-03 00:00:00,0.02,2016-07-02 19:00:00,0.050800000000000005,2016-07-02,19,2016-07-02,001
00098,2016-07-03 00:00:00,0.02,2016-07-02 19:00:00,0.050800000000000005,2016-07-02,19,2016-07-02,001
00155,2016-07-03 00:00:00,0.02,2016-07-02 19:00:00,0.050800000000000005,2016-07-02,19,2016-07-02,001
00009,2016-07-06 07:00:00,0.07,2016-07-06 02:00:00,0.1778,2016-07-06,2,2016-07-05,001
00053,2016-07-06 07:00:00,0.07,2016-07-06 02:00:00,0.1778,2016-07-06,2,2016-07-05,001
00061,2016-07-06 07:00:00,0.07,2016-07-06 02:00:00,0.1778,2016-07-06,2,2016-07-05,001
00066,2016-07-06 07:00:00,0.07,2016-07-06 02:00:00,0.1778,2016-07-06,2,2016-07-05,001
00097,2016-07-06 07:00:00,0.07,2016-07-06 02:00:00,0.1778,2016-07-06,2,2016-07-05,001
00113,2016-07-06 07:00:00,0.07,2016-07-06 02:00:00,0.1778,2016-07-06,2,2016-07-05,001
00121,2016-07-06 07:00:00,0.07,2016-07-06 02:00:00,0.1778,2016-07-06,2,2016-07-05,001
00125,2016-07-06 07:00:00,0.07,2016-07-06 02:00:00,0.1778,2016-07-06,2,2016-07-05,001
00153,2016-07-06 07:00:00,0.07,2016-07-06 02:00:00,0.1778,2016-07-06,2,2016-07-05,001
00157,2016-07-06 07:00:00,0.07,2016-07-06 02:00:00,0.1778,2016-07-06,2,2016-07-05,001
00209,2016-07-06 07:00:00,0.07,2016-07-06 02:00:00,0.1778,2016-07-06,2,2016-07-05,001
00004,2016-07-06 11:00:00,0.02,2016-07-06 06:00:00,0.050800000000000005,2016-07-06,6,2016-07-05,001
00015,2016-07-06 11:00:00,0.02,2016-07-06 06:00:00,0.050800000000000005,2016-07-06,6,2016-07-05,001
00017,2016-07-06 11:00:00,0.02,2016-07-06 06:00:00,0.050800000000000005,2016-07-06,6,2016-07-05,001
00018,2016-07-06 11:00:00,0.02,2016-07-06 06:00:00,0.050800000000000005,2016-07-06,6,2016-07-05,001
00020,2016-07-06 11:00:00,0.02,2016-07-06 06:00:00,0.050800000000000005,2016-07-06,6,2016-07-05,001
00034,2016-07-06 11:00:00,0.02,2016-07-06 06:00:00,0.050800000000000005,2016-07-06,6,2016-07-05,001
00050,2016-07-06 11:00:00,0.02,2016-07-06 06:00:00,0.050800000000000005,2016-07-06,6,2016-07-05,001
00059,2016-07-06 11:00:00,0.02,2016-07-06 06:00:00,0.050800000000000005,2016-07-06,6,2016-07-05,001
00091,2016-07-06 11:00:00,0.02,2016-07-06 06:00:00,0.050800000000000005,2016-07-06,6,2016-07-05,001
00093,2016-07-06 11:00:00,0.02,2016-07-06 06:00:00,0.050800000000000005,2016-07-06,6,2016-07-05,001
00098,2016-07-06 11:00:00,0.02,2016-07-06 06:00:00,0.050800000000000005,2016-07-06,6,2016-07-05,001
00155,2016-07-06 11:00:00,0.02,2016-07-06 06:00:00,0.050800000000000005,2016-07-06,6,2016-07-05,001
00009,2016-07-07 06:00:00,0.02,2016-07-07 01:00:00,0.050800000000000005,2016-07-07,1,2016-07-06,001
00053,2016-07-07 06:00:00,0.02,2016-07-07 01:00:00,0.050800000000000005,2016-07-07,1,2016-07-06,001
00061,2016-07-07 06:00:00,0.02,2016-07-07 01:00:00,0.050800000000000005,2016-07-07,1,2016-07-06,001
00066,2016-07-07 06:00:00,0.02,2016-07-07 01:00:00,0.050800000000000005,2016-07-07,1,2016-07-06,001
00097,2016-07-07 06:00:00,0.02,2016-07-07 01:00:00,0.050800000000000005,2016-07-07,1,2016-07-06,001
00113,2016-07-07 06:00:00,0.02,2016-07-07 01:00:00,0.050800000000000005,2016-07-07,1,2016-07-06,001
00121,2016-07-07 06:00:00,0.02,2016-07-07 01:00:00,0.050800000000000005,2016-07-07,1,2016-07-06,001
00125,2016-07-07 06:00:00,0.02,2016-07-07 01:00:00,0.050800000000000005,2016-07-07,1,2016-07-06,001
00153,2016-07-07 06:00:00,0.02,2016-07-07 01:00:00,0.050800000000000005,2016-07-07,1,2016-07-06,001
00157,2016-07-07 06:00:00,0.02,2016-07-07 01:00:00,0.050800000000000005,2016-07-07,1,2016-07-06,001
00209,2016-07-07 06:00:00,0.02,2016-07-07 01:00:00,0.050800000000000005,2016-07-07,1,2016-07-06,001
00004,2016-07-07 06:00:00,0.01,2016-07-07 01:00:00,0.025400000000000002,2016-07-07,1,2016-07-06,001
00015,2016-07-07 06:00:00,0.01,2016-07-07 01:00:00,0.025400000000000002,2016-07-07,1,2016-07-06,001
00017,2016-07-07 06:00:00,0.01,2016-07-07 01:00:00,0.025400000000000002,2016-07-07,1,2016-07-06,001
00018,2016-07-07 06:00:00,0.01,2016-07-07 01:00:00,0.025400000000000002,2016-07-07,1,2016-07-06,001
00020,2016-07-07 06:00:00,0.01,2016-07-07 01:00:00,0.025400000000000002,2016-07-07,1,2016-07-06,001
00034,2016-07-07 06:00:00,0.01,2016-07-07 01:00:00,0.025400000000000002,2016-07-07,1,2016-07-06,001
00050,2016-07-07 06:00:00,0.01,2016-07-07 01:00:00,0.025400000000000002,2016-07-07,1,2016-07-06,001
00059,2016-07-07 06:00:00,0.01,2016-07-07 01:00:00,0.025400000000000002,2016-07-07,1,2016-07-06,001
00091,2016-07-07 06:00:00,0.01,2016-07-07 01:00:00,0.025400000000000002,2016-07-07,1,2016-07-06,001
00093,2016-07-07 06:00:00,0.01,2016-07-07 01:00:00,0.025400000000000002,2016-07-07,1,2016-07-06,001
00098,2016-07-07 06:00:00,0.01,2016-07-07 01:00:00,0.025400000000000002,2016-07-07,1,2016-07-06,001
00155,2016-07-07 06:00:00,0.01,2016-07-07 01:00:00,0.025400000000000002,2016-07-07,1,2016-07-06,001
00009,2016-07-07 08:00:00,0.41,2016-07-07 03:00:00,1.0413999999999999,2016-07-07,3,2016-07-06,001
00053,2016-07-07 08:00:00,0.41,2016-07-07 03:00:00,1.0413999999999999,2016-07-07,3,2016-07-06,001
00061,2016-07-07 08:00:00,0.41,2016-07-07 03:00:00,1.0413999999999999,2016-07-07,3,2016-07-06,001
00066,2016-07-07 08:00:00,0.41,2016-07-07 03:00:00,1.0413999999999999,2016-07-07,3,2016-07-06,001
00097,2016-07-07 08:00:00,0.41,2016-07-07 03:00:00,1.0413999999999999,2016-07-07,3,2016-07-06,001
00113,2016-07-07 08:00:00,0.41,2016-07-07 03:00:00,1.0413999999999999,2016-07-07,3,2016-07-06,001
00121,2016-07-07 08:00:00,0.41,2016-07-07 03:00:00,1.0413999999999999,2016-07-07,3,2016-07-06,001
00125,2016-07-07 08:00:00,0.41,2016-07-07 03:00:00,1.0413999999999999,2016-07-07,3,2016-07-06,001
00153,2016-07-07 08:00:00,0.41,2016-07-07 03:00:00,1.0413999999999999,2016-07-07,3,2016-07-06,001
00157,2016-07-07 08:00:00,0.41,2016-07-07 03:00:00,1.0413999999999999,2016-07-07,3,2016-07-06,001
00209,2016-07-07 08:00:00,0.41,2016-07-07 03:00:00,1.0413999999999999,2016-07-07,3,2016-07-06,001
00004,2016-07-07 08:00:00,0.64,2016-07-07 03:00:00,1.6256000000000002,2016-07-07,3,2016-07-06,001
00015,2016-07-07 08:00:00,0.64,2016-07-07 03:00:00,1.6256000000000002,2016-07-07,3,2016-07-06,001
00017,2016-07-07 08:00:00,0.64,2016-07-07 03:00:00,1.6256000000000002,2016-07-07,3,2016-07-06,001
00018,2016-07-07 08:00:00,0.64,2016-07-07 03:00:00,1.6256000000000002,2016-07-07,3,2016-07-06,001
00020,2016-07-07 08:00:00,0.64,2016-07-07 03:00:00,1.6256000000000002,2016-07-07,3,2016-07-06,001
00034,2016-07-07 08:00:00,0.64,2016-07-07 03:00:00,1.6256000000000002,2016-07-07,3,2016-07-06,001
00050,2016-07-07 08:00:00,0.64,2016-07-07 03:00:00,1.6256000000000002,2016-07-07,3,2016-07-06,001
00059,2016-07-07 08:00:00,0.64,2016-07-07 03:00:00,1.6256000000000002,2016-07-07,3,2016-07-06,001
00091,2016-07-07 08:00:00,0.64,2016-07-07 03:00:00,1.6256000000000002,2016-07-07,3,2016-07-06,001
00093,2016-07-07 08:00:00,0.64,2016-07-07 03:00:00,1.6256000000000002,2016-07-07,3,2016-07-06,001
00098,2016-07-07 08:00:00,0.64,2016-07-07 03:00:00,1.6256000000000002,2016-07-07,3,2016-07-06,001
00155,2016-07-07 08:00:00,0.64,2016-07-07 03:00:00,1.6256000000000002,2016-07-07,3,2016-07-06,001
00009,2016-07-07 09:00:00,0.94,2016-07-07 04:00:00,2.3876,2016-07-07,4,2016-07-06,001
00053,2016-07-07 09:00:00,0.94,2016-07-07 04:00:00,2.3876,2016-07-07,4,2016-07-06,001
00061,2016-07-07 09:00:00,0.94,2016-07-07 04:00:00,2.3876,2016-07-07,4,2016-07-06,001
00066,2016-07-07 09:00:00,0.94,2016-07-07 04:00:00,2.3876,2016-07-07,4,2016-07-06,001
00097,2016-07-07 09:00:00,0.94,2016-07-07 04:00:00,2.3876,2016-07-07,4,2016-07-06,001
00113,2016-07-07 09:00:00,0.94,2016-07-07 04:00:00,2.3876,2016-07-07,4,2016-07-06,001
00121,2016-07-07 09:00:00,0.94,2016-07-07 04:00:00,2.3876,2016-07-07,4,2016-07-06,001
00125,2016-07-07 09:00:00,0.94,2016-07-07 04:00:00,2.3876,2016-07-07,4,2016-07-06,001
00153,2016-07-07 09:00:00,0.94,2016-07-07 04:00:00,2.3876,2016-07-07,4,2016-07-06,001
00157,2016-07-07 09:00:00,0.94,2016-07-07 04:00:00,2.3876,2016-07-07,4,2016-07-06,001
00209,2016-07-07 09:00:00,0.94,2016-07-07 04:00:00,2.3876,2016-07-07,4,2016-07-06,001
00004,2016-07-07 09:00:00,0.81,2016-07-07 04:00:00,2.0574000000000003,2016-07-07,4,2016-07-06,001
00015,2016-07-07 09:00:00,0.81,2016-07-07 04:00:00,2.0574000000000003,2016-07-07,4,2016-07-06,001
00017,2016-07-07 09:00:00,0.81,2016-07-07 04:00:00,2.0574000000000003,2016-07-07,4,2016-07-06,001
00018,2016-07-07 09:00:00,0.81,2016-07-07 04:00:00,2.0574000000000003,2016-07-07,4,2016-07-06,001
00020,2016-07-07 09:00:00,0.81,2016-07-07 04:00:00,2.0574000000000003,2016-07-07,4,2016-07-06,001
00034,2016-07-07 09:00:00,0.81,2016-07-07 04:00:00,2.0574000000000003,2016-07-07,4,2016-07-06,001
00050,2016-07-07 09:00:00,0.81,2016-07-07 04:00:00,2.0574000000000003,2016-07-07,4,2016-07-06,001
00059,2016-07-07 09:00:00,0.81,2016-07-07 04:00:00,2.0574000000000003,2016-07-07,4,2016-07-06,001
00091,2016-07-07 09:00:00,0.81,2016-07-07 04:00:00,2.0574000000000003,2016-07-07,4,2016-07-06,001
00093,2016-07-07 09:00:00,0.81,2016-07-07 04:00:00,2.0574000000000003,2016-07-07,4,2016-07-06,001
00098,2016-07-07 09:00:00,0.81,2016-07-07 04:00:00,2.0574000000000003,2016-07-07,4,2016-07-06,001
00155,2016-07-07 09:00:00,0.81,2016-07-07 04:00:00,2.0574000000000003,2016-07-07,4,2016-07-06,001
00009,2016-07-07 10:00:00,0.23,2016-07-07 05:00:00,0.5842,2016-07-07,5,2016-07-06,001
00053,2016-07-07 10:00:00,0.23,2016-07-07 05:00:00,0.5842,2016-07-07,5,2016-07-06,001
00061,2016-07-07 10:00:00,0.23,2016-07-07 05:00:00,0.5842,2016-07-07,5,2016-07-06,001
00066,2016-07-07 10:00:00,0.23,2016-07-07 05:00:00,0.5842,2016-07-07,5,2016-07-06,001
00097,2016-07-07 10:00:00,0.23,2016-07-07 05:00:00,0.5842,2016-07-07,5,2016-07-06,001
00113,2016-07-07 10:00:00,0.23,2016-07-07 05:00:00,0.5842,2016-07-07,5,2016-07-06,001
00121,2016-07-07 10:00:00,0.23,2016-07-07 05:00:00,0.5842,2016-07-07,5,2016-07-06,001
00125,2016-07-07 10:00:00,0.23,2016-07-07 05:00:00,0.5842,2016-07-07,5,2016-07-06,001
00153,2016-07-07 10:00:00,0.23,2016-07-07 05:00:00,0.5842,2016-07-07,5,2016-07-06,001
00157,2016-07-07 10:00:00,0.23,2016-07-07 05:00:00,0.5842,2016-07-07,5,2016-07-06,001
00209,2016-07-07 10:00:00,0.23,2016-07-07 05:00:00,0.5842,2016-07-07,5,2016-07-06,001
00004,2016-07-07 10:00:00,0.22,2016-07-07 05:00:00,0.5588,2016-07-07,5,2016-07-06,001
00015,2016-07-07 10:00:00,0.22,2016-07-07 05:00:00,0.5588,2016-07-07,5,2016-07-06,001
00017,2016-07-07 10:00:00,0.22,2016-07-07 05:00:00,0.5588,2016-07-07,5,2016-07-06,001
00018,2016-07-07 10:00:00,0.22,2016-07-07 05:00:00,0.5588,2016-07-07,5,2016-07-06,001
00020,2016-07-07 10:00:00,0.22,2016-07-07 05:00:00,0.5588,2016-07-07,5,2016-07-06,001
00034,2016-07-07 10:00:00,0.22,2016-07-07 05:00:00,0.5588,2016-07-07,5,2016-07-06,001
00050,2016-07-07 10:00:00,0.22,2016-07-07 05:00:00,0.5588,2016-07-07,5,2016-07-06,001
00059,2016-07-07 10:00:00,0.22,2016-07-07 05:00:00,0.5588,2016-07-07,5,2016-07-06,001
00091,2016-07-07 10:00:00,0.22,2016-07-07 05:00:00,0.5588,2016-07-07,5,2016-07-06,001
00093,2016-07-07 10:00:00,0.22,2016-07-07 05:00:00,0.5588,2016-07-07,5,2016-07-06,001
00098,2016-07-07 10:00:00,0.22,2016-07-07 05:00:00,0.5588,2016-07-07,5,2016-07-06,001
00155,2016-07-07 10:00:00,0.22,2016-07-07 05:00:00,0.5588,2016-07-07,5,2016-07-06,001
00009,2016-07-07 11:00:00,0.07,2016-07-07 06:00:00,0.1778,2016-07-07,6,2016-07-06,001
00053,2016-07-07 11:00:00,0.07,2016-07-07 06:00:00,0.1778,2016-07-07,6,2016-07-06,001
00061,2016-07-07 11:00:00,0.07,2016-07-07 06:00:00,0.1778,2016-07-07,6,2016-07-06,001
00066,2016-07-07 11:00:00,0.07,2016-07-07 06:00:00,0.1778,2016-07-07,6,2016-07-06,001
00097,2016-07-07 11:00:00,0.07,2016-07-07 06:00:00,0.1778,2016-07-07,6,2016-07-06,001
00113,2016-07-07 11:00:00,0.07,2016-07-07 06:00:00,0.1778,2016-07-07,6,2016-07-06,001
00121,2016-07-07 11:00:00,0.07,2016-07-07 06:00:00,0.1778,2016-07-07,6,2016-07-06,001
00125,2016-07-07 11:00:00,0.07,2016-07-07 06:00:00,0.1778,2016-07-07,6,2016-07-06,001
00153,2016-07-07 11:00:00,0.07,2016-07-07 06:00:00,0.1778,2016-07-07,6,2016-07-06,001
00157,2016-07-07 11:00:00,0.07,2016-07-07 06:00:00,0.1778,2016-07-07,6,2016-07-06,001
00209,2016-07-07 11:00:00,0.07,2016-07-07 06:00:00,0.1778,2016-07-07,6,2016-07-06,001
00004,2016-07-07 11:00:00,0.08,2016-07-07 06:00:00,0.20320000000000002,2016-07-07,6,2016-07-06,001
00015,2016-07-07 11:00:00,0.08,2016-07-07 06:00:00,0.20320000000000002,2016-07-07,6,2016-07-06,001
00017,2016-07-07 11:00:00,0.08,2016-07-07 06:00:00,0.20320000000000002,2016-07-07,6,2016-07-06,001
00018,2016-07-07 11:00:00,0.08,2016-07-07 06:00:00,0.20320000000000002,2016-07-07,6,2016-07-06,001
00020,2016-07-07 11:00:00,0.08,2016-07-07 06:00:00,0.20320000000000002,2016-07-07,6,2016-07-06,001
00034,2016-07-07 11:00:00,0.08,2016-07-07 06:00:00,0.20320000000000002,2016-07-07,6,2016-07-06,001
00050,2016-07-07 11:00:00,0.08,2016-07-07 06:00:00,0.20320000000000002,2016-07-07,6,2016-07-06,001
00059,2016-07-07 11:00:00,0.08,2016-07-07 06:00:00,0.20320000000000002,2016-07-07,6,2016-07-06,001
00091,2016-07-07 11:00:00,0.08,2016-07-07 06:00:00,0.20320000000000002,2016-07-07,6,2016-07-06,001
00093,2016-07-07 11:00:00,0.08,2016-07-07 06:00:00,0.20320000000000002,2016-07-07,6,2016-07-06,001
00098,2016-07-07 11:00:00,0.08,2016-07-07 06:00:00,0.20320000000000002,2016-07-07,6,2016-07-06,001
00155,2016-07-07 11:00:00,0.08,2016-07-07 06:00:00,0.20320000000000002,2016-07-07,6,2016-07-06,001
00009,2016-07-09 12:00:00,0.01,2016-07-09 07:00:00,0.025400000000000002,2016-07-09,7,2016-07-08,001
00053,2016-07-09 12:00:00,0.01,2016-07-09 07:00:00,0.025400000000000002,2016-07-09,7,2016-07-08,001
00061,2016-07-09 12:00:00,0.01,2016-07-09 07:00:00,0.025400000000000002,2016-07-09,7,2016-07-08,001
00066,2016-07-09 12:00:00,0.01,2016-07-09 07:00:00,0.025400000000000002,2016-07-09,7,2016-07-08,001
00097,2016-07-09 12:00:00,0.01,2016-07-09 07:00:00,0.025400000000000002,2016-07-09,7,2016-07-08,001
00113,2016-07-09 12:00:00,0.01,2016-07-09 07:00:00,0.025400000000000002,2016-07-09,7,2016-07-08,001
00121,2016-07-09 12:00:00,0.01,2016-07-09 07:00:00,0.025400000000000002,2016-07-09,7,2016-07-08,001
00125,2016-07-09 12:00:00,0.01,2016-07-09 07:00:00,0.025400000000000002,2016-07-09,7,2016-07-08,001
00153,2016-07-09 12:00:00,0.01,2016-07-09 07:00:00,0.025400000000000002,2016-07-09,7,2016-07-08,001
00157,2016-07-09 12:00:00,0.01,2016-07-09 07:00:00,0.025400000000000002,2016-07-09,7,2016-07-08,001
00209,2016-07-09 12:00:00,0.01,2016-07-09 07:00:00,0.025400000000000002,2016-07-09,7,2016-07-08,001
01730,2016-07-18 11:00:00,0.03,2016-07-18 06:00:00,0.0762,2016-07-18,6,2016-07-17,003
01734,2016-07-18 11:00:00,0.03,2016-07-18 06:00:00,0.0762,2016-07-18,6,2016-07-17,003
01750,2016-07-18 11:00:00,0.03,2016-07-18 06:00:00,0.0762,2016-07-18,6,2016-07-17,003
01753,2016-07-18 11:00:00,0.03,2016-07-18 06:00:00,0.0762,2016-07-18,6,2016-07-17,003
01758,2016-07-18 11:00:00,0.03,2016-07-18 06:00:00,0.0762,2016-07-18,6,2016-07-17,003
01781,2016-07-18 11:00:00,0.03,2016-07-18 06:00:00,0.0762,2016-07-18,6,2016-07-17,003
01810,2016-07-18 11:00:00,0.03,2016-07-18 06:00:00,0.0762,2016-07-18,6,2016-07-17,003
01845,2016-07-18 11:00:00,0.03,2016-07-18 06:00:00,0.0762,2016-07-18,6,2016-07-17,003
01865,2016-07-18 11:00:00,0.03,2016-07-18 06:00:00,0.0762,2016-07-18,6,2016-07-17,003
01878,2016-07-18 11:00:00,0.03,2016-07-18 06:00:00,0.0762,2016-07-18,6,2016-07-17,003
01893,2016-07-18 11:00:00,0.03,2016-07-18 06:00:00,0.0762,2016-07-18,6,2016-07-17,003
01906,2016-07-18 11:00:00,0.03,2016-07-18 06:00:00,0.0762,2016-07-18,6,2016-07-17,003
01738,2016-07-18 11:00:00,0.11,2016-07-18 06:00:00,0.2794,2016-07-18,6,2016-07-17,003
01741,2016-07-18 11:00:00,0.11,2016-07-18 06:00:00,0.2794,2016-07-18,6,2016-07-17,003
01754,2016-07-18 11:00:00,0.11,2016-07-18 06:00:00,0.2794,2016-07-18,6,2016-07-17,003
01766,2016-07-18 11:00:00,0.11,2016-07-18 06:00:00,0.2794,2016-07-18,6,2016-07-17,003
01769,2016-07-18 11:00:00,0.11,2016-07-18 06:00:00,0.2794,2016-07-18,6,2016-07-17,003
01785,2016-07-18 11:00:00,0.11,2016-07-18 06:00:00,0.2794,2016-07-18,6,2016-07-17,003
01802,2016-07-18 11:00:00,0.11,2016-07-18 06:00:00,0.2794,2016-07-18,6,2016-07-17,003
01817,2016-07-18 11:00:00,0.11,2016-07-18 06:00:00,0.2794,2016-07-18,6,2016-07-17,003
01866,2016-07-18 11:00:00,0.11,2016-07-18 06:00:00,0.2794,2016-07-18,6,2016-07-17,003
01894,2016-07-18 11:00:00,0.11,2016-07-18 06:00:00,0.2794,2016-07-18,6,2016-07-17,003
01801,2016-07-18 11:00:00,0.02,2016-07-18 06:00:00,0.050800000000000005,2016-07-18,6,2016-07-17,003
01730,2016-07-23 10:00:00,0.07,2016-07-23 05:00:00,0.1778,2016-07-23,5,2016-07-22,003
01734,2016-07-23 10:00:00,0.07,2016-07-23 05:00:00,0.1778,2016-07-23,5,2016-07-22,003
01750,2016-07-23 10:00:00,0.07,2016-07-23 05:00:00,0.1778,2016-07-23,5,2016-07-22,003
01753,2016-07-23 10:00:00,0.07,2016-07-23 05:00:00,0.1778,2016-07-23,5,2016-07-22,003
01758,2016-07-23 10:00:00,0.07,2016-07-23 05:00:00,0.1778,2016-07-23,5,2016-07-22,003
01781,2016-07-23 10:00:00,0.07,2016-07-23 05:00:00,0.1778,2016-07-23,5,2016-07-22,003
01810,2016-07-23 10:00:00,0.07,2016-07-23 05:00:00,0.1778,2016-07-23,5,2016-07-22,003
01845,2016-07-23 10:00:00,0.07,2016-07-23 05:00:00,0.1778,2016-07-23,5,2016-07-22,003
01865,2016-07-23 10:00:00,0.07,2016-07-23 05:00:00,0.1778,2016-07-23,5,2016-07-22,003
01878,2016-07-23 10:00:00,0.07,2016-07-23 05:00:00,0.1778,2016-07-23,5,2016-07-22,003
01893,2016-07-23 10:00:00,0.07,2016-07-23 05:00:00,0.1778,2016-07-23,5,2016-07-22,003
01906,2016-07-23 10:00:00,0.07,2016-07-23 05:00:00,0.1778,2016-07-23,5,2016-07-22,003
01738,2016-07-23 10:00:00,0.03,2016-07-23 05:00:00,0.0762,2016-07-23,5,2016-07-22,003
01741,2016-07-23 10:00:00,0.03,2016-07-23 05:00:00,0.0762,2016-07-23,5,2016-07-22,003
01754,2016-07-23 10:00:00,0.03,2016-07-23 05:00:00,0.0762,2016-07-23,5,2016-07-22,003
01766,2016-07-23 10:00:00,0.03,2016-07-23 05:00:00,0.0762,2016-07-23,5,2016-07-22,003
01769,2016-07-23 10:00:00,0.03,2016-07-23 05:00:00,0.0762,2016-07-23,5,2016-07-22,003
01785,2016-07-23 10:00:00,0.03,2016-07-23 05:00:00,0.0762,2016-07-23,5,2016-07-22,003
01802,2016-07-23 10:00:00,0.03,2016-07-23 05:00:00,0.0762,2016-07-23,5,2016-07-22,003
01817,2016-07-23 10:00:00,0.03,2016-07-23 05:00:00,0.0762,2016-07-23,5,2016-07-22,003
01866,2016-07-23 10:00:00,0.03,2016-07-23 05:00:00,0.0762,2016-07-23,5,2016-07-22,003
01894,2016-07-23 10:00:00,0.03,2016-07-23 05:00:00,0.0762,2016-07-23,5,2016-07-22,003
01801,2016-07-23 10:00:00,0.1,2016-07-23 05:00:00,0.254,2016-07-23,5,2016-07-22,003
01730,2016-07-24 17:00:00,0.01,2016-07-24 12:00:00,0.025400000000000002,2016-07-24,12,2016-07-24,003
01734,2016-07-24 17:00:00,0.01,2016-07-24 12:00:00,0.025400000000000002,2016-07-24,12,2016-07-24,003
01750,2016-07-24 17:00:00,0.01,2016-07-24 12:00:00,0.025400000000000002,2016-07-24,12,2016-07-24,003
01753,2016-07-24 17:00:00,0.01,2016-07-24 12:00:00,0.025400000000000002,2016-07-24,12,2016-07-24,003
01758,2016-07-24 17:00:00,0.01,2016-07-24 12:00:00,0.025400000000000002,2016-07-24,12,2016-07-24,003
01781,2016-07-24 17:00:00,0.01,2016-07-24 12:00:00,0.025400000000000002,2016-07-24,12,2016-07-24,003
01810,2016-07-24 17:00:00,0.01,2016-07-24 12:00:00,0.025400000000000002,2016-07-24,12,2016-07-24,003
01845,2016-07-24 17:00:00,0.01,2016-07-24 12:00:00,0.025400000000000002,2016-07-24,12,2016-07-24,003
01865,2016-07-24 17:00:00,0.01,2016-07-24 12:00:00,0.025400000000000002,2016-07-24,12,2016-07-24,003
01878,2016-07-24 17:00:00,0.01,2016-07-24 12:00:00,0.025400000000000002,2016-07-24,12,2016-07-24,003
01893,2016-07-24 17:00:00,0.01,2016-07-24 12:00:00,0.025400000000000002,2016-07-24,12,2016-07-24,003
01906,2016-07-24 17:00:00,0.01,2016-07-24 12:00:00,0.025400000000000002,2016-07-24,12,2016-07-24,003
01730,2016-07-24 18:00:00,0.01,2016-07-24 13:00:00,0.025400000000000002,2016-07-24,13,2016-07-24,003
01734,2016-07-24 18:00:00,0.01,2016-07-24 13:00:00,0.025400000000000002,2016-07-24,13,2016-07-24,003
01750,2016-07-24 18:00:00,0.01,2016-07-24 13:00:00,0.025400000000000002,2016-07-24,13,2016-07-24,003
01753,2016-07-24 18:00:00,0.01,2016-07-24 13:00:00,0.025400000000000002,2016-07-24,13,2016-07-24,003
01758,2016-07-24 18:00:00,0.01,2016-07-24 13:00:00,0.025400000000000002,2016-07-24,13,2016-07-24,003
01781,2016-07-24 18:00:00,0.01,2016-07-24 13:00:00,0.025400000000000002,2016-07-24,13,2016-07-24,003
01810,2016-07-24 18:00:00,0.01,2016-07-24 13:00:00,0.025400000000000002,2016-07-24,13,2016-07-24,003
01845,2016-07-24 18:00:00,0.01,2016-07-24 13:00:00,0.025400000000000002,2016-07-24,13,2016-07-24,003
01865,2016-07-24 18:00:00,0.01,2016-07-24 13:00:00,0.025400000000000002,2016-07-24,13,2016-07-24,003
01878,2016-07-24 18:00:00,0.01,2016-07-24 13:00:00,0.025400000000000002,2016-07-24,13,2016-07-24,003
01893,2016-07-24 18:00:00,0.01,2016-07-24 13:00:00,0.025400000000000002,2016-07-24,13,2016-07-24,003
01906,2016-07-24 18:00:00,0.01,2016-07-24 13:00:00,0.025400000000000002,2016-07-24,13,2016-07-24,003
01738,2016-07-24 18:00:00,0.01,2016-07-24 13:00:00,0.025400000000000002,2016-07-24,13,2016-07-24,003
01741,2016-07-24 18:00:00,0.01,2016-07-24 13:00:00,0.025400000000000002,2016-07-24,13,2016-07-24,003
01754,2016-07-24 18:00:00,0.01,2016-07-24 13:00:00,0.025400000000000002,2016-07-24,13,2016-07-24,003
01766,2016-07-24 18:00:00,0.01,2016-07-24 13:00:00,0.025400000000000002,2016-07-24,13,2016-07-24,003
01769,2016-07-24 18:00:00,0.01,2016-07-24 13:00:00,0.025400000000000002,2016-07-24,13,2016-07-24,003
01785,2016-07-24 18:00:00,0.01,2016-07-24 13:00:00,0.025400000000000002,2016-07-24,13,2016-07-24,003
01802,2016-07-24 18:00:00,0.01,2016-07-24 13:00:00,0.025400000000000002,2016-07-24,13,2016-07-24,003
01817,2016-07-24 18:00:00,0.01,2016-07-24 13:00:00,0.025400000000000002,2016-07-24,13,2016-07-24,003
01866,2016-07-24 18:00:00,0.01,2016-07-24 13:00:00,0.025400000000000002,2016-07-24,13,2016-07-24,003
01894,2016-07-24 18:00:00,0.01,2016-07-24 13:00:00,0.025400000000000002,2016-07-24,13,2016-07-24,003
01801,2016-07-24 18:00:00,0.01,2016-07-24 13:00:00,0.025400000000000002,2016-07-24,13,2016-07-24,003
00886,2016-07-31 17:00:00,0.03,2016-07-31 12:00:00,0.0762,2016-07-31,12,2016-07-31,002
00894,2016-07-31 17:00:00,0.03,2016-07-31 12:00:00,0.0762,2016-07-31,12,2016-07-31,002
00898,2016-07-31 17:00:00,0.03,2016-07-31 12:00:00,0.0762,2016-07-31,12,2016-07-31,002
00909,2016-07-31 17:00:00,0.03,2016-07-31 12:00:00,0.0762,2016-07-31,12,2016-07-31,002
00914,2016-07-31 17:00:00,0.03,2016-07-31 12:00:00,0.0762,2016-07-31,12,2016-07-31,002
00925,2016-07-31 17:00:00,0.03,2016-07-31 12:00:00,0.0762,2016-07-31,12,2016-07-31,002
00958,2016-07-31 17:00:00,0.03,2016-07-31 12:00:00,0.0762,2016-07-31,12,2016-07-31,002
00872,2016-07-31 17:00:00,0.01,2016-07-31 12:00:00,0.025400000000000002,2016-07-31,12,2016-07-31,002
00877,2016-07-31 17:00:00,0.01,2016-07-31 12:00:00,0.025400000000000002,2016-07-31,12,2016-07-31,002
00884,2016-07-31 17:00:00,0.01,2016-07-31 12:00:00,0.025400000000000002,2016-07-31,12,2016-07-31,002
00888,2016-07-31 17:00:00,0.01,2016-07-31 12:00:00,0.025400000000000002,2016-07-31,12,2016-07-31,002
00900,2016-07-31 17:00:00,0.01,2016-07-31 12:00:00,0.025400000000000002,2016-07-31,12,2016-07-31,002
00964,2016-07-31 17:00:00,0.01,2016-07-31 12:00:00,0.025400000000000002,2016-07-31,12,2016-07-31,002
00981,2016-07-31 17:00:00,0.01,2016-07-31 12:00:00,0.025400000000000002,2016-07-31,12,2016-07-31,002
01005,2016-07-31 17:00:00,0.01,2016-07-31 12:00:00,0.025400000000000002,2016-07-31,12,2016-07-31,002
01012,2016-07-31 17:00:00,0.01,2016-07-31 12:00:00,0.025400000000000002,2016-07-31,12,2016-07-31,002
01021,2016-07-31 17:00:00,0.01,2016-07-31 12:00:00,0.025400000000000002,2016-07-31,12,2016-07-31,002
00934,2016-07-31 17:00:00,0.03,2016-07-31 12:00:00,0.0762,2016-07-31,12,2016-07-31,002
00956,2016-07-31 17:00:00,0.02,2016-07-31 12:00:00,0.050800000000000005,2016-07-31,12,2016-07-31,002
00984,2016-07-31 17:00:00,0.02,2016-07-31 12:00:00,0.050800000000000005,2016-07-31,12,2016-07-31,002
01004,2016-07-31 17:00:00,0.02,2016-07-31 12:00:00,0.050800000000000005,2016-07-31,12,2016-07-31,002
01043,2016-07-31 17:00:00,0.02,2016-07-31 12:00:00,0.050800000000000005,2016-07-31,12,2016-07-31,002
01064,2016-07-31 17:00:00,0.02,2016-07-31 12:00:00,0.050800000000000005,2016-07-31,12,2016-07-31,002
00886,2016-07-31 18:00:00,0.01,2016-07-31 13:00:00,0.025400000000000002,2016-07-31,13,2016-07-31,002
00894,2016-07-31 18:00:00,0.01,2016-07-31 13:00:00,0.025400000000000002,2016-07-31,13,2016-07-31,002
00898,2016-07-31 18:00:00,0.01,2016-07-31 13:00:00,0.025400000000000002,2016-07-31,13,2016-07-31,002
00909,2016-07-31 18:00:00,0.01,2016-07-31 13:00:00,0.025400000000000002,2016-07-31,13,2016-07-31,002
00914,2016-07-31 18:00:00,0.01,2016-07-31 13:00:00,0.025400000000000002,2016-07-31,13,2016-07-31,002
00925,2016-07-31 18:00:00,0.01,2016-07-31 13:00:00,0.025400000000000002,2016-07-31,13,2016-07-31,002
00958,2016-07-31 18:00:00,0.01,2016-07-31 13:00:00,0.025400000000000002,2016-07-31,13,2016-07-31,002
00872,2016-07-31 18:00:00,0.02,2016-07-31 13:00:00,0.050800000000000005,2016-07-31,13,2016-07-31,002
00877,2016-07-31 18:00:00,0.02,2016-07-31 13:00:00,0.050800000000000005,2016-07-31,13,2016-07-31,002
00884,2016-07-31 18:00:00,0.02,2016-07-31 13:00:00,0.050800000000000005,2016-07-31,13,2016-07-31,002
00888,2016-07-31 18:00:00,0.02,2016-07-31 13:00:00,0.050800000000000005,2016-07-31,13,2016-07-31,002
00900,2016-07-31 18:00:00,0.02,2016-07-31 13:00:00,0.050800000000000005,2016-07-31,13,2016-07-31,002
00964,2016-07-31 18:00:00,0.02,2016-07-31 13:00:00,0.050800000000000005,2016-07-31,13,2016-07-31,002
00981,2016-07-31 18:00:00,0.02,2016-07-31 13:00:00,0.050800000000000005,2016-07-31,13,2016-07-31,002
01005,2016-07-31 18:00:00,0.02,2016-07-31 13:00:00,0.050800000000000005,2016-07-31,13,2016-07-31,002
01012,2016-07-31 18:00:00,0.02,2016-07-31 13:00:00,0.050800000000000005,2016-07-31,13,2016-07-31,002
01021,2016-07-31 18:00:00,0.02,2016-07-31 13:00:00,0.050800000000000005,2016-07-31,13,2016-07-31,002
00934,2016-07-31 18:00:00,0.02,2016-07-31 13:00:00,0.050800000000000005,2016-07-31,13,2016-07-31,002
00956,2016-07-31 18:00:00,0.02,2016-07-31 13:00:00,0.050800000000000005,2016-07-31,13,2016-07-31,002
00984,2016-07-31 18:00:00,0.02,2016-07-31 13:00:00,0.050800000000000005,2016-07-31,13,2016-07-31,002
01004,2016-07-31 18:00:00,0.02,2016-07-31 13:00:00,0.050800000000000005,2016-07-31,13,2016-07-31,002
01043,2016-07-31 18:00:00,0.02,2016-07-31 13:00:00,0.050800000000000005,2016-07-31,13,2016-07-31,002
01064,2016-07-31 18:00:00,0.02,2016-07-31 13:00:00,0.050800000000000005,2016-07-31,13,2016-07-31,002
00886,2016-08-02 09:00:00,0.02,2016-08-02 04:00:00,0.050800000000000005,2016-08-02,4,2016-08-01,002
00894,2016-08-02 09:00:00,0.02,2016-08-02 04:00:00,0.050800000000000005,2016-08-02,4,2016-08-01,002
00898,2016-08-02 09:00:00,0.02,2016-08-02 04:00:00,0.050800000000000005,2016-08-02,4,2016-08-01,002
00909,2016-08-02 09:00:00,0.02,2016-08-02 04:00:00,0.050800000000000005,2016-08-02,4,2016-08-01,002
00914,2016-08-02 09:00:00,0.02,2016-08-02 04:00:00,0.050800000000000005,2016-08-02,4,2016-08-01,002
00925,2016-08-02 09:00:00,0.02,2016-08-02 04:00:00,0.050800000000000005,2016-08-02,4,2016-08-01,002
00958,2016-08-02 09:00:00,0.02,2016-08-02 04:00:00,0.050800000000000005,2016-08-02,4,2016-08-01,002
00872,2016-08-02 09:00:00,0.02,2016-08-02 04:00:00,0.050800000000000005,2016-08-02,4,2016-08-01,002
00877,2016-08-02 09:00:00,0.02,2016-08-02 04:00:00,0.050800000000000005,2016-08-02,4,2016-08-01,002
00884,2016-08-02 09:00:00,0.02,2016-08-02 04:00:00,0.050800000000000005,2016-08-02,4,2016-08-01,002
00888,2016-08-02 09:00:00,0.02,2016-08-02 04:00:00,0.050800000000000005,2016-08-02,4,2016-08-01,002
00900,2016-08-02 09:00:00,0.02,2016-08-02 04:00:00,0.050800000000000005,2016-08-02,4,2016-08-01,002
00964,2016-08-02 09:00:00,0.02,2016-08-02 04:00:00,0.050800000000000005,2016-08-02,4,2016-08-01,002
00981,2016-08-02 09:00:00,0.02,2016-08-02 04:00:00,0.050800000000000005,2016-08-02,4,2016-08-01,002
01005,2016-08-02 09:00:00,0.02,2016-08-02 04:00:00,0.050800000000000005,2016-08-02,4,2016-08-01,002
01012,2016-08-02 09:00:00,0.02,2016-08-02 04:00:00,0.050800000000000005,2016-08-02,4,2016-08-01,002
01021,2016-08-02 09:00:00,0.02,2016-08-02 04:00:00,0.050800000000000005,2016-08-02,4,2016-08-01,002
00934,2016-08-02 09:00:00,0.02,2016-08-02 04:00:00,0.050800000000000005,2016-08-02,4,2016-08-01,002
00886,2016-08-02 10:00:00,0.07,2016-08-02 05:00:00,0.1778,2016-08-02,5,2016-08-01,002
00894,2016-08-02 10:00:00,0.07,2016-08-02 05:00:00,0.1778,2016-08-02,5,2016-08-01,002
00898,2016-08-02 10:00:00,0.07,2016-08-02 05:00:00,0.1778,2016-08-02,5,2016-08-01,002
00909,2016-08-02 10:00:00,0.07,2016-08-02 05:00:00,0.1778,2016-08-02,5,2016-08-01,002
00914,2016-08-02 10:00:00,0.07,2016-08-02 05:00:00,0.1778,2016-08-02,5,2016-08-01,002
00925,2016-08-02 10:00:00,0.07,2016-08-02 05:00:00,0.1778,2016-08-02,5,2016-08-01,002
00958,2016-08-02 10:00:00,0.07,2016-08-02 05:00:00,0.1778,2016-08-02,5,2016-08-01,002
00872,2016-08-02 10:00:00,0.06,2016-08-02 05:00:00,0.1524,2016-08-02,5,2016-08-01,002
00877,2016-08-02 10:00:00,0.06,2016-08-02 05:00:00,0.1524,2016-08-02,5,2016-08-01,002
00884,2016-08-02 10:00:00,0.06,2016-08-02 05:00:00,0.1524,2016-08-02,5,2016-08-01,002
00888,2016-08-02 10:00:00,0.06,2016-08-02 05:00:00,0.1524,2016-08-02,5,2016-08-01,002
00900,2016-08-02 10:00:00,0.06,2016-08-02 05:00:00,0.1524,2016-08-02,5,2016-08-01,002
00964,2016-08-02 10:00:00,0.06,2016-08-02 05:00:00,0.1524,2016-08-02,5,2016-08-01,002
00981,2016-08-02 10:00:00,0.06,2016-08-02 05:00:00,0.1524,2016-08-02,5,2016-08-01,002
01005,2016-08-02 10:00:00,0.06,2016-08-02 05:00:00,0.1524,2016-08-02,5,2016-08-01,002
01012,2016-08-02 10:00:00,0.06,2016-08-02 05:00:00,0.1524,2016-08-02,5,2016-08-01,002
01021,2016-08-02 10:00:00,0.06,2016-08-02 05:00:00,0.1524,2016-08-02,5,2016-08-01,002
00934,2016-08-02 10:00:00,0.07,2016-08-02 05:00:00,0.1778,2016-08-02,5,2016-08-01,002
00956,2016-08-02 10:00:00,0.07,2016-08-02 05:00:00,0.1778,2016-08-02,5,2016-08-01,002
00984,2016-08-02 10:00:00,0.07,2016-08-02 05:00:00,0.1778,2016-08-02,5,2016-08-01,002
01004,2016-08-02 10:00:00,0.07,2016-08-02 05:00:00,0.1778,2016-08-02,5,2016-08-01,002
01043,2016-08-02 10:00:00,0.07,2016-08-02 05:00:00,0.1778,2016-08-02,5,2016-08-01,002
01064,2016-08-02 10:00:00,0.07,2016-08-02 05:00:00,0.1778,2016-08-02,5,2016-08-01,002
00886,2016-08-02 11:00:00,0.18,2016-08-02 06:00:00,0.4572,2016-08-02,6,2016-08-01,002
00894,2016-08-02 11:00:00,0.18,2016-08-02 06:00:00,0.4572,2016-08-02,6,2016-08-01,002
00898,2016-08-02 11:00:00,0.18,2016-08-02 06:00:00,0.4572,2016-08-02,6,2016-08-01,002
00909,2016-08-02 11:00:00,0.18,2016-08-02 06:00:00,0.4572,2016-08-02,6,2016-08-01,002
00914,2016-08-02 11:00:00,0.18,2016-08-02 06:00:00,0.4572,2016-08-02,6,2016-08-01,002
00925,2016-08-02 11:00:00,0.18,2016-08-02 06:00:00,0.4572,2016-08-02,6,2016-08-01,002
00958,2016-08-02 11:00:00,0.18,2016-08-02 06:00:00,0.4572,2016-08-02,6,2016-08-01,002
00872,2016-08-02 11:00:00,0.17,2016-08-02 06:00:00,0.4318,2016-08-02,6,2016-08-01,002
00877,2016-08-02 11:00:00,0.17,2016-08-02 06:00:00,0.4318,2016-08-02,6,2016-08-01,002
00884,2016-08-02 11:00:00,0.17,2016-08-02 06:00:00,0.4318,2016-08-02,6,2016-08-01,002
00888,2016-08-02 11:00:00,0.17,2016-08-02 06:00:00,0.4318,2016-08-02,6,2016-08-01,002
00900,2016-08-02 11:00:00,0.17,2016-08-02 06:00:00,0.4318,2016-08-02,6,2016-08-01,002
00964,2016-08-02 11:00:00,0.17,2016-08-02 06:00:00,0.4318,2016-08-02,6,2016-08-01,002
00981,2016-08-02 11:00:00,0.17,2016-08-02 06:00:00,0.4318,2016-08-02,6,2016-08-01,002
01005,2016-08-02 11:00:00,0.17,2016-08-02 06:00:00,0.4318,2016-08-02,6,2016-08-01,002
01012,2016-08-02 11:00:00,0.17,2016-08-02 06:00:00,0.4318,2016-08-02,6,2016-08-01,002
01021,2016-08-02 11:00:00,0.17,2016-08-02 06:00:00,0.4318,2016-08-02,6,2016-08-01,002
00934,2016-08-02 11:00:00,0.16,2016-08-02 06:00:00,0.40640000000000004,2016-08-02,6,2016-08-01,002
00956,2016-08-02 11:00:00,0.16,2016-08-02 06:00:00,0.40640000000000004,2016-08-02,6,2016-08-01,002
00984,2016-08-02 11:00:00,0.16,2016-08-02 06:00:00,0.40640000000000004,2016-08-02,6,2016-08-01,002
01004,2016-08-02 11:00:00,0.16,2016-08-02 06:00:00,0.40640000000000004,2016-08-02,6,2016-08-01,002
01043,2016-08-02 11:00:00,0.16,2016-08-02 06:00:00,0.40640000000000004,2016-08-02,6,2016-08-01,002
01064,2016-08-02 11:00:00,0.16,2016-08-02 06:00:00,0.40640000000000004,2016-08-02,6,2016-08-01,002
00886,2016-08-02 12:00:00,0.05,2016-08-02 07:00:00,0.127,2016-08-02,7,2016-08-01,002
00894,2016-08-02 12:00:00,0.05,2016-08-02 07:00:00,0.127,2016-08-02,7,2016-08-01,002
00898,2016-08-02 12:00:00,0.05,2016-08-02 07:00:00,0.127,2016-08-02,7,2016-08-01,002
00909,2016-08-02 12:00:00,0.05,2016-08-02 07:00:00,0.127,2016-08-02,7,2016-08-01,002
00914,2016-08-02 12:00:00,0.05,2016-08-02 07:00:00,0.127,2016-08-02,7,2016-08-01,002
00925,2016-08-02 12:00:00,0.05,2016-08-02 07:00:00,0.127,2016-08-02,7,2016-08-01,002
00958,2016-08-02 12:00:00,0.05,2016-08-02 07:00:00,0.127,2016-08-02,7,2016-08-01,002
00872,2016-08-02 12:00:00,0.06,2016-08-02 07:00:00,0.1524,2016-08-02,7,2016-08-01,002
00877,2016-08-02 12:00:00,0.06,2016-08-02 07:00:00,0.1524,2016-08-02,7,2016-08-01,002
00884,2016-08-02 12:00:00,0.06,2016-08-02 07:00:00,0.1524,2016-08-02,7,2016-08-01,002
00888,2016-08-02 12:00:00,0.06,2016-08-02 07:00:00,0.1524,2016-08-02,7,2016-08-01,002
00900,2016-08-02 12:00:00,0.06,2016-08-02 07:00:00,0.1524,2016-08-02,7,2016-08-01,002
00964,2016-08-02 12:00:00,0.06,2016-08-02 07:00:00,0.1524,2016-08-02,7,2016-08-01,002
00981,2016-08-02 12:00:00,0.06,2016-08-02 07:00:00,0.1524,2016-08-02,7,2016-08-01,002
01005,2016-08-02 12:00:00,0.06,2016-08-02 07:00:00,0.1524,2016-08-02,7,2016-08-01,002
01012,2016-08-02 12:00:00,0.06,2016-08-02 07:00:00,0.1524,2016-08-02,7,2016-08-01,002
01021,2016-08-02 12:00:00,0.06,2016-08-02 07:00:00,0.1524,2016-08-02,7,2016-08-01,002
00934,2016-08-02 12:00:00,0.03,2016-08-02 07:00:00,0.0762,2016-08-02,7,2016-08-01,002
00956,2016-08-02 12:00:00,0.03,2016-08-02 07:00:00,0.0762,2016-08-02,7,2016-08-01,002
00984,2016-08-02 12:00:00,0.03,2016-08-02 07:00:00,0.0762,2016-08-02,7,2016-08-01,002
01004,2016-08-02 12:00:00,0.03,2016-08-02 07:00:00,0.0762,2016-08-02,7,2016-08-01,002
01043,2016-08-02 12:00:00,0.03,2016-08-02 07:00:00,0.0762,2016-08-02,7,2016-08-01,002
01064,2016-08-02 12:00:00,0.03,2016-08-02 07:00:00,0.0762,2016-08-02,7,2016-08-01,002
00886,2016-08-05 00:00:00,0.09,2016-08-04 19:00:00,0.2286,2016-08-04,19,2016-08-04,002
00894,2016-08-05 00:00:00,0.09,2016-08-04 19:00:00,0.2286,2016-08-04,19,2016-08-04,002
00898,2016-08-05 00:00:00,0.09,2016-08-04 19:00:00,0.2286,2016-08-04,19,2016-08-04,002
00909,2016-08-05 00:00:00,0.09,2016-08-04 19:00:00,0.2286,2016-08-04,19,2016-08-04,002
00914,2016-08-05 00:00:00,0.09,2016-08-04 19:00:00,0.2286,2016-08-04,19,2016-08-04,002
00925,2016-08-05 00:00:00,0.09,2016-08-04 19:00:00,0.2286,2016-08-04,19,2016-08-04,002
00958,2016-08-05 00:00:00,0.09,2016-08-04 19:00:00,0.2286,2016-08-04,19,2016-08-04,002
00872,2016-08-05 00:00:00,0.09,2016-08-04 19:00:00,0.2286,2016-08-04,19,2016-08-04,002
00877,2016-08-05 00:00:00,0.09,2016-08-04 19:00:00,0.2286,2016-08-04,19,2016-08-04,002
00884,2016-08-05 00:00:00,0.09,2016-08-04 19:00:00,0.2286,2016-08-04,19,2016-08-04,002
00888,2016-08-05 00:00:00,0.09,2016-08-04 19:00:00,0.2286,2016-08-04,19,2016-08-04,002
00900,2016-08-05 00:00:00,0.09,2016-08-04 19:00:00,0.2286,2016-08-04,19,2016-08-04,002
00964,2016-08-05 00:00:00,0.09,2016-08-04 19:00:00,0.2286,2016-08-04,19,2016-08-04,002
00981,2016-08-05 00:00:00,0.09,2016-08-04 19:00:00,0.2286,2016-08-04,19,2016-08-04,002
01005,2016-08-05 00:00:00,0.09,2016-08-04 19:00:00,0.2286,2016-08-04,19,2016-08-04,002
01012,2016-08-05 00:00:00,0.09,2016-08-04 19:00:00,0.2286,2016-08-04,19,2016-08-04,002
01021,2016-08-05 00:00:00,0.09,2016-08-04 19:00:00,0.2286,2016-08-04,19,2016-08-04,002
00956,2016-08-05 00:00:00,0.05,2016-08-04 19:00:00,0.127,2016-08-04,19,2016-08-04,002
00984,2016-08-05 00:00:00,0.05,2016-08-04 19:00:00,0.127,2016-08-04,19,2016-08-04,002
01004,2016-08-05 00:00:00,0.05,2016-08-04 19:00:00,0.127,2016-08-04,19,2016-08-04,002
01043,2016-08-05 00:00:00,0.05,2016-08-04 19:00:00,0.127,2016-08-04,19,2016-08-04,002
01064,2016-08-05 00:00:00,0.05,2016-08-04 19:00:00,0.127,2016-08-04,19,2016-08-04,002
00886,2016-08-06 13:00:00,0.01,2016-08-06 08:00:00,0.025400000000000002,2016-08-06,8,2016-08-05,002
00894,2016-08-06 13:00:00,0.01,2016-08-06 08:00:00,0.025400000000000002,2016-08-06,8,2016-08-05,002
00898,2016-08-06 13:00:00,0.01,2016-08-06 08:00:00,0.025400000000000002,2016-08-06,8,2016-08-05,002
00909,2016-08-06 13:00:00,0.01,2016-08-06 08:00:00,0.025400000000000002,2016-08-06,8,2016-08-05,002
00914,2016-08-06 13:00:00,0.01,2016-08-06 08:00:00,0.025400000000000002,2016-08-06,8,2016-08-05,002
00925,2016-08-06 13:00:00,0.01,2016-08-06 08:00:00,0.025400000000000002,2016-08-06,8,2016-08-05,002
00958,2016-08-06 13:00:00,0.01,2016-08-06 08:00:00,0.025400000000000002,2016-08-06,8,2016-08-05,002
00872,2016-08-06 13:00:00,0.01,2016-08-06 08:00:00,0.025400000000000002,2016-08-06,8,2016-08-05,002
00877,2016-08-06 13:00:00,0.01,2016-08-06 08:00:00,0.025400000000000002,2016-08-06,8,2016-08-05,002
00884,2016-08-06 13:00:00,0.01,2016-08-06 08:00:00,0.025400000000000002,2016-08-06,8,2016-08-05,002
00888,2016-08-06 13:00:00,0.01,2016-08-06 08:00:00,0.025400000000000002,2016-08-06,8,2016-08-05,002
00900,2016-08-06 13:00:00,0.01,2016-08-06 08:00:00,0.025400000000000002,2016-08-06,8,2016-08-05,002
00964,2016-08-06 13:00:00,0.01,2016-08-06 08:00:00,0.025400000000000002,2016-08-06,8,2016-08-05,002
00981,2016-08-06 13:00:00,0.01,2016-08-06 08:00:00,0.025400000000000002,2016-08-06,8,2016-08-05,002
01005,2016-08-06 13:00:00,0.01,2016-08-06 08:00:00,0.025400000000000002,2016-08-06,8,2016-08-05,002
01012,2016-08-06 13:00:00,0.01,2016-08-06 08:00:00,0.025400000000000002,2016-08-06,8,2016-08-05,002
01021,2016-08-06 13:00:00,0.01,2016-08-06 08:00:00,0.025400000000000002,2016-08-06,8,2016-08-05,002
00886,2016-08-06 14:00:00,0.01,2016-08-06 09:00:00,0.025400000000000002,2016-08-06,9,2016-08-05,002
00894,2016-08-06 14:00:00,0.01,2016-08-06 09:00:00,0.025400000000000002,2016-08-06,9,2016-08-05,002
00898,2016-08-06 14:00:00,0.01,2016-08-06 09:00:00,0.025400000000000002,2016-08-06,9,2016-08-05,002
00909,2016-08-06 14:00:00,0.01,2016-08-06 09:00:00,0.025400000000000002,2016-08-06,9,2016-08-05,002
00914,2016-08-06 14:00:00,0.01,2016-08-06 09:00:00,0.025400000000000002,2016-08-06,9,2016-08-05,002
00925,2016-08-06 14:00:00,0.01,2016-08-06 09:00:00,0.025400000000000002,2016-08-06,9,2016-08-05,002
00958,2016-08-06 14:00:00,0.01,2016-08-06 09:00:00,0.025400000000000002,2016-08-06,9,2016-08-05,002
00872,2016-08-06 14:00:00,0.01,2016-08-06 09:00:00,0.025400000000000002,2016-08-06,9,2016-08-05,002
00877,2016-08-06 14:00:00,0.01,2016-08-06 09:00:00,0.025400000000000002,2016-08-06,9,2016-08-05,002
00884,2016-08-06 14:00:00,0.01,2016-08-06 09:00:00,0.025400000000000002,2016-08-06,9,2016-08-05,002
00888,2016-08-06 14:00:00,0.01,2016-08-06 09:00:00,0.025400000000000002,2016-08-06,9,2016-08-05,002
00900,2016-08-06 14:00:00,0.01,2016-08-06 09:00:00,0.025400000000000002,2016-08-06,9,2016-08-05,002
00964,2016-08-06 14:00:00,0.01,2016-08-06 09:00:00,0.025400000000000002,2016-08-06,9,2016-08-05,002
00981,2016-08-06 14:00:00,0.01,2016-08-06 09:00:00,0.025400000000000002,2016-08-06,9,2016-08-05,002
01005,2016-08-06 14:00:00,0.01,2016-08-06 09:00:00,0.025400000000000002,2016-08-06,9,2016-08-05,002
01012,2016-08-06 14:00:00,0.01,2016-08-06 09:00:00,0.025400000000000002,2016-08-06,9,2016-08-05,002
01021,2016-08-06 14:00:00,0.01,2016-08-06 09:00:00,0.025400000000000002,2016-08-06,9,2016-08-05,002
00934,2016-08-06 14:00:00,0.01,2016-08-06 09:00:00,0.025400000000000002,2016-08-06,9,2016-08-05,002
00956,2016-08-06 14:00:00,0.01,2016-08-06 09:00:00,0.025400000000000002,2016-08-06,9,2016-08-05,002
00984,2016-08-06 14:00:00,0.01,2016-08-06 09:00:00,0.025400000000000002,2016-08-06,9,2016-08-05,002
01004,2016-08-06 14:00:00,0.01,2016-08-06 09:00:00,0.025400000000000002,2016-08-06,9,2016-08-05,002
01043,2016-08-06 14:00:00,0.01,2016-08-06 09:00:00,0.025400000000000002,2016-08-06,9,2016-08-05,002
01064,2016-08-06 14:00:00,0.01,2016-08-06 09:00:00,0.025400000000000002,2016-08-06,9,2016-08-05,002
